/* Auto-generated from homeassistant/app.js. */

#include <stddef.h>

static const unsigned char g_homeassistant_app_js[] =
{
  0x27, 0x75, 0x73, 0x65, 0x20, 0x73, 0x74, 0x72, 0x69, 0x63, 0x74, 0x27,
  0x3b, 0x0a, 0x0a, 0x63, 0x6f, 0x6e, 0x73, 0x74, 0x20, 0x73, 0x74, 0x6f,
  0x72, 0x61, 0x67, 0x65, 0x20, 0x3d, 0x20, 0x73, 0x79, 0x73, 0x74, 0x65,
  0x6d, 0x2e, 0x73, 0x74, 0x6f, 0x72, 0x61, 0x67, 0x65, 0x3b, 0x0a, 0x63,
  0x6f, 0x6e, 0x73, 0x74, 0x20, 0x68, 0x61, 0x20, 0x3d, 0x20, 0x73, 0x79,
  0x73, 0x74, 0x65, 0x6d, 0x2e, 0x68, 0x6f, 0x6d, 0x65, 0x41, 0x73, 0x73,
  0x69, 0x73, 0x74, 0x61, 0x6e, 0x74, 0x3b, 0x0a, 0x63, 0x6f, 0x6e, 0x73,
  0x74, 0x20, 0x73, 0x69, 0x7a, 0x65, 0x20, 0x3d, 0x20, 0x75, 0x69, 0x2e,
  0x67, 0x65, 0x74, 0x53, 0x69, 0x7a, 0x65, 0x28, 0x29, 0x3b, 0x0a, 0x63,
  0x6f, 0x6e, 0x73, 0x74, 0x20, 0x57, 0x20, 0x3d, 0x20, 0x73, 0x69, 0x7a,
  0x65, 0x2e, 0x77, 0x69, 0x64, 0x74, 0x68, 0x3b, 0x0a, 0x63, 0x6f, 0x6e,
  0x73, 0x74, 0x20, 0x48, 0x20, 0x3d, 0x20, 0x73, 0x69, 0x7a, 0x65, 0x2e,
  0x68, 0x65, 0x69, 0x67, 0x68, 0x74, 0x3b, 0x0a, 0x63, 0x6f, 0x6e, 0x73,
  0x74, 0x20, 0x50, 0x41, 0x47, 0x45, 0x5f, 0x53, 0x49, 0x5a, 0x45, 0x20,
  0x3d, 0x20, 0x34, 0x3b, 0x0a, 0x63, 0x6f, 0x6e, 0x73, 0x74, 0x20, 0x43,
  0x4f, 0x4c, 0x53, 0x20, 0x3d, 0x20, 0x32, 0x3b, 0x0a, 0x63, 0x6f, 0x6e,
  0x73, 0x74, 0x20, 0x50, 0x41, 0x44, 0x20, 0x3d, 0x20, 0x32, 0x34, 0x3b,
  0x0a, 0x63, 0x6f, 0x6e, 0x73, 0x74, 0x20, 0x47, 0x41, 0x50, 0x20, 0x3d,
  0x20, 0x31, 0x32, 0x3b, 0x0a, 0x63, 0x6f, 0x6e, 0x73, 0x74, 0x20, 0x43,
  0x41, 0x52, 0x44, 0x5f, 0x57, 0x20, 0x3d, 0x20, 0x4d, 0x61, 0x74, 0x68,
  0x2e, 0x66, 0x6c, 0x6f, 0x6f, 0x72, 0x28, 0x28, 0x57, 0x20, 0x2d, 0x20,
  0x50, 0x41, 0x44, 0x20, 0x2a, 0x20, 0x32, 0x20, 0x2d, 0x20, 0x47, 0x41,
  0x50, 0x20, 0x2a, 0x20, 0x28, 0x43, 0x4f, 0x4c, 0x53, 0x20, 0x2d, 0x20,
  0x31, 0x29, 0x29, 0x20, 0x2f, 0x20, 0x43, 0x4f, 0x4c, 0x53, 0x29, 0x3b,
  0x0a, 0x63, 0x6f, 0x6e, 0x73, 0x74, 0x20, 0x43, 0x41, 0x52, 0x44, 0x5f,
  0x48, 0x20, 0x3d, 0x20, 0x38, 0x38, 0x3b, 0x0a, 0x63, 0x6f, 0x6e, 0x73,
  0x74, 0x20, 0x47, 0x52, 0x49, 0x44, 0x5f, 0x59, 0x20, 0x3d, 0x20, 0x31,
  0x30, 0x38, 0x3b, 0x0a, 0x63, 0x6f, 0x6e, 0x73, 0x74, 0x20, 0x48, 0x55,
  0x42, 0x5f, 0x42, 0x47, 0x20, 0x3d, 0x20, 0x30, 0x78, 0x66, 0x61, 0x66,
  0x61, 0x66, 0x61, 0x3b, 0x0a, 0x63, 0x6f, 0x6e, 0x73, 0x74, 0x20, 0x48,
  0x55, 0x42, 0x5f, 0x43, 0x41, 0x52, 0x44, 0x20, 0x3d, 0x20, 0x30, 0x78,
  0x66, 0x66, 0x66, 0x66, 0x66, 0x66, 0x3b, 0x0a, 0x63, 0x6f, 0x6e, 0x73,
  0x74, 0x20, 0x48, 0x55, 0x42, 0x5f, 0x50, 0x49, 0x43, 0x4b, 0x20, 0x3d,
  0x20, 0x30, 0x78, 0x64, 0x37, 0x65, 0x65, 0x66, 0x35, 0x3b, 0x0a, 0x63,
  0x6f, 0x6e, 0x73, 0x74, 0x20, 0x48, 0x55, 0x42, 0x5f, 0x54, 0x45, 0x58,
  0x54, 0x20, 0x3d, 0x20, 0x30, 0x78, 0x31, 0x34, 0x31, 0x34, 0x31, 0x34,
  0x3b, 0x0a, 0x63, 0x6f, 0x6e, 0x73, 0x74, 0x20, 0x48, 0x55, 0x42, 0x5f,
  0x4d, 0x55, 0x54, 0x45, 0x44, 0x20, 0x3d, 0x20, 0x30, 0x78, 0x35, 0x65,
  0x35, 0x65, 0x35, 0x65, 0x3b, 0x0a, 0x63, 0x6f, 0x6e, 0x73, 0x74, 0x20,
  0x48, 0x55, 0x42, 0x5f, 0x41, 0x43, 0x43, 0x45, 0x4e, 0x54, 0x20, 0x3d,
  0x20, 0x30, 0x78, 0x30, 0x30, 0x39, 0x61, 0x63, 0x37, 0x3b, 0x0a, 0x63,
  0x6f, 0x6e, 0x73, 0x74, 0x20, 0x42, 0x54, 0x4e, 0x5f, 0x57, 0x20, 0x3d,
  0x20, 0x39, 0x36, 0x3b, 0x0a, 0x63, 0x6f, 0x6e, 0x73, 0x74, 0x20, 0x42,
  0x54, 0x4e, 0x5f, 0x48, 0x20, 0x3d, 0x20, 0x33, 0x36, 0x3b, 0x0a, 0x0a,
  0x6c, 0x65, 0x74, 0x20, 0x62, 0x61, 0x73, 0x65, 0x20, 0x3d, 0x20, 0x73,
  0x74, 0x6f, 0x72, 0x61, 0x67, 0x65, 0x2e, 0x67, 0x65, 0x74, 0x28, 0x27,
  0x68, 0x61, 0x5f, 0x75, 0x72, 0x6c, 0x27, 0x29, 0x20, 0x7c, 0x7c, 0x20,
  0x27, 0x68, 0x74, 0x74, 0x70, 0x3a, 0x2f, 0x2f, 0x68, 0x6f, 0x6d, 0x65,
  0x61, 0x73, 0x73, 0x69, 0x73, 0x74, 0x61, 0x6e, 0x74, 0x2e, 0x6c, 0x6f,
  0x63, 0x61, 0x6c, 0x3a, 0x38, 0x31, 0x32, 0x33, 0x27, 0x3b, 0x0a, 0x6c,
  0x65, 0x74, 0x20, 0x74, 0x6f, 0x6b, 0x65, 0x6e, 0x20, 0x3d, 0x20, 0x73,
  0x74, 0x6f, 0x72, 0x61, 0x67, 0x65, 0x2e, 0x67, 0x65, 0x74, 0x28, 0x27,
  0x68, 0x61, 0x5f, 0x74, 0x6f, 0x6b, 0x65, 0x6e, 0x27, 0x29, 0x20, 0x7c,
  0x7c, 0x20, 0x27, 0x27, 0x3b, 0x0a, 0x6c, 0x65, 0x74, 0x20, 0x65, 0x6e,
  0x74, 0x69, 0x74, 0x69, 0x65, 0x73, 0x20, 0x3d, 0x20, 0x5b, 0x5d, 0x3b,
  0x0a, 0x6c, 0x65, 0x74, 0x20, 0x70, 0x61, 0x67, 0x65, 0x20, 0x3d, 0x20,
  0x30, 0x3b, 0x0a, 0x6c, 0x65, 0x74, 0x20, 0x73, 0x65, 0x6c, 0x65, 0x63,
  0x74, 0x65, 0x64, 0x20, 0x3d, 0x20, 0x2d, 0x31, 0x3b, 0x0a, 0x6c, 0x65,
  0x74, 0x20, 0x70, 0x65, 0x6e, 0x64, 0x69, 0x6e, 0x67, 0x20, 0x3d, 0x20,
  0x27, 0x27, 0x3b, 0x0a, 0x6c, 0x65, 0x74, 0x20, 0x61, 0x64, 0x76, 0x61,
  0x6e, 0x63, 0x65, 0x64, 0x4f, 0x70, 0x65, 0x6e, 0x20, 0x3d, 0x20, 0x66,
  0x61, 0x6c, 0x73, 0x65, 0x3b, 0x0a, 0x6c, 0x65, 0x74, 0x20, 0x61, 0x64,
  0x76, 0x61, 0x6e, 0x63, 0x65, 0x64, 0x44, 0x6f, 0x6d, 0x61, 0x69, 0x6e,
  0x20, 0x3d, 0x20, 0x73, 0x74, 0x6f, 0x72, 0x61, 0x67, 0x65, 0x2e, 0x67,
  0x65, 0x74, 0x28, 0x27, 0x68, 0x61, 0x5f, 0x64, 0x6f, 0x6d, 0x61, 0x69,
  0x6e, 0x27, 0x29, 0x20, 0x7c, 0x7c, 0x20, 0x27, 0x6c, 0x69, 0x67, 0x68,
  0x74, 0x27, 0x3b, 0x0a, 0x6c, 0x65, 0x74, 0x20, 0x61, 0x64, 0x76, 0x61,
  0x6e, 0x63, 0x65, 0x64, 0x53, 0x65, 0x72, 0x76, 0x69, 0x63, 0x65, 0x20,
  0x3d, 0x20, 0x73, 0x74, 0x6f, 0x72, 0x61, 0x67, 0x65, 0x2e, 0x67, 0x65,
  0x74, 0x28, 0x27, 0x68, 0x61, 0x5f, 0x73, 0x65, 0x72, 0x76, 0x69, 0x63,
  0x65, 0x27, 0x29, 0x20, 0x7c, 0x7c, 0x20, 0x27, 0x74, 0x6f, 0x67, 0x67,
  0x6c, 0x65, 0x27, 0x3b, 0x0a, 0x6c, 0x65, 0x74, 0x20, 0x61, 0x64, 0x76,
  0x61, 0x6e, 0x63, 0x65, 0x64, 0x44, 0x61, 0x74, 0x61, 0x20, 0x3d, 0x20,
  0x73, 0x74, 0x6f, 0x72, 0x61, 0x67, 0x65, 0x2e, 0x67, 0x65, 0x74, 0x28,
  0x27, 0x68, 0x61, 0x5f, 0x64, 0x61, 0x74, 0x61, 0x27, 0x29, 0x20, 0x7c,
  0x7c, 0x0a, 0x20, 0x20, 0x20, 0x20, 0x20, 0x20, 0x20, 0x20, 0x20, 0x20,
  0x20, 0x20, 0x20, 0x20, 0x20, 0x20, 0x20, 0x20, 0x20, 0x27, 0x7b, 0x22,
  0x65, 0x6e, 0x74, 0x69, 0x74, 0x79, 0x5f, 0x69, 0x64, 0x22, 0x3a, 0x22,
  0x6c, 0x69, 0x67, 0x68, 0x74, 0x2e, 0x6c, 0x69, 0x76, 0x69, 0x6e, 0x67,
  0x5f, 0x72, 0x6f, 0x6f, 0x6d, 0x22, 0x7d, 0x27, 0x3b, 0x0a, 0x6c, 0x65,
  0x74, 0x20, 0x63, 0x61, 0x74, 0x61, 0x6c, 0x6f, 0x67, 0x20, 0x3d, 0x20,
  0x5b, 0x5d, 0x3b, 0x0a, 0x6c, 0x65, 0x74, 0x20, 0x73, 0x6c, 0x6f, 0x74,
  0x73, 0x20, 0x3d, 0x20, 0x5b, 0x5d, 0x3b, 0x0a, 0x74, 0x72, 0x79, 0x20,
  0x7b, 0x0a, 0x20, 0x20, 0x73, 0x6c, 0x6f, 0x74, 0x73, 0x20, 0x3d, 0x20,
  0x4a, 0x53, 0x4f, 0x4e, 0x2e, 0x70, 0x61, 0x72, 0x73, 0x65, 0x28, 0x73,
  0x74, 0x6f, 0x72, 0x61, 0x67, 0x65, 0x2e, 0x67, 0x65, 0x74, 0x28, 0x27,
  0x68, 0x61, 0x5f, 0x73, 0x6c, 0x6f, 0x74, 0x73, 0x27, 0x29, 0x20, 0x7c,
  0x7c, 0x20, 0x27, 0x5b, 0x5d, 0x27, 0x29, 0x3b, 0x0a, 0x7d, 0x20, 0x63,
  0x61, 0x74, 0x63, 0x68, 0x20, 0x28, 0x65, 0x29, 0x20, 0x7b, 0x0a, 0x20,
  0x20, 0x73, 0x6c, 0x6f, 0x74, 0x73, 0x20, 0x3d, 0x20, 0x5b, 0x5d, 0x3b,
  0x0a, 0x7d, 0x0a, 0x69, 0x66, 0x20, 0x28, 0x21, 0x41, 0x72, 0x72, 0x61,
  0x79, 0x2e, 0x69, 0x73, 0x41, 0x72, 0x72, 0x61, 0x79, 0x28, 0x73, 0x6c,
  0x6f, 0x74, 0x73, 0x29, 0x29, 0x20, 0x73, 0x6c, 0x6f, 0x74, 0x73, 0x20,
  0x3d, 0x20, 0x5b, 0x5d, 0x3b, 0x0a, 0x6c, 0x65, 0x74, 0x20, 0x64, 0x65,
  0x6c, 0x65, 0x74, 0x65, 0x64, 0x20, 0x3d, 0x20, 0x5b, 0x5d, 0x3b, 0x0a,
  0x74, 0x72, 0x79, 0x20, 0x7b, 0x0a, 0x20, 0x20, 0x64, 0x65, 0x6c, 0x65,
  0x74, 0x65, 0x64, 0x20, 0x3d, 0x20, 0x4a, 0x53, 0x4f, 0x4e, 0x2e, 0x70,
  0x61, 0x72, 0x73, 0x65, 0x28, 0x73, 0x74, 0x6f, 0x72, 0x61, 0x67, 0x65,
  0x2e, 0x67, 0x65, 0x74, 0x28, 0x27, 0x68, 0x61, 0x5f, 0x64, 0x65, 0x6c,
  0x65, 0x74, 0x65, 0x64, 0x27, 0x29, 0x20, 0x7c, 0x7c, 0x20, 0x27, 0x5b,
  0x5d, 0x27, 0x29, 0x3b, 0x0a, 0x7d, 0x20, 0x63, 0x61, 0x74, 0x63, 0x68,
  0x20, 0x28, 0x65, 0x29, 0x20, 0x7b, 0x0a, 0x20, 0x20, 0x64, 0x65, 0x6c,
  0x65, 0x74, 0x65, 0x64, 0x20, 0x3d, 0x20, 0x5b, 0x5d, 0x3b, 0x0a, 0x7d,
  0x0a, 0x69, 0x66, 0x20, 0x28, 0x21, 0x41, 0x72, 0x72, 0x61, 0x79, 0x2e,
  0x69, 0x73, 0x41, 0x72, 0x72, 0x61, 0x79, 0x28, 0x64, 0x65, 0x6c, 0x65,
  0x74, 0x65, 0x64, 0x29, 0x29, 0x20, 0x64, 0x65, 0x6c, 0x65, 0x74, 0x65,
  0x64, 0x20, 0x3d, 0x20, 0x5b, 0x5d, 0x3b, 0x0a, 0x0a, 0x66, 0x75, 0x6e,
  0x63, 0x74, 0x69, 0x6f, 0x6e, 0x20, 0x73, 0x6c, 0x75, 0x67, 0x69, 0x66,
  0x79, 0x28, 0x74, 0x65, 0x78, 0x74, 0x29, 0x20, 0x7b, 0x0a, 0x20, 0x20,
  0x63, 0x6f, 0x6e, 0x73, 0x74, 0x20, 0x73, 0x72, 0x63, 0x20, 0x3d, 0x20,
  0x53, 0x74, 0x72, 0x69, 0x6e, 0x67, 0x28, 0x74, 0x65, 0x78, 0x74, 0x20,
  0x7c, 0x7c, 0x20, 0x27, 0x27, 0x29, 0x2e, 0x74, 0x6f, 0x4c, 0x6f, 0x77,
  0x65, 0x72, 0x43, 0x61, 0x73, 0x65, 0x28, 0x29, 0x3b, 0x0a, 0x20, 0x20,
  0x6c, 0x65, 0x74, 0x20, 0x6f, 0x75, 0x74, 0x20, 0x3d, 0x20, 0x27, 0x27,
  0x3b, 0x0a, 0x20, 0x20, 0x6c, 0x65, 0x74, 0x20, 0x67, 0x61, 0x70, 0x20,
  0x3d, 0x20, 0x66, 0x61, 0x6c, 0x73, 0x65, 0x3b, 0x0a, 0x20, 0x20, 0x6c,
  0x65, 0x74, 0x20, 0x69, 0x3b, 0x0a, 0x20, 0x20, 0x66, 0x6f, 0x72, 0x20,
  0x28, 0x69, 0x20, 0x3d, 0x20, 0x30, 0x3b, 0x20, 0x69, 0x20, 0x3c, 0x20,
  0x73, 0x72, 0x63, 0x2e, 0x6c, 0x65, 0x6e, 0x67, 0x74, 0x68, 0x3b, 0x20,
  0x69, 0x2b, 0x2b, 0x29, 0x20, 0x7b, 0x0a, 0x20, 0x20, 0x20, 0x20, 0x63,
  0x6f, 0x6e, 0x73, 0x74, 0x20, 0x63, 0x20, 0x3d, 0x20, 0x73, 0x72, 0x63,
  0x2e, 0x63, 0x68, 0x61, 0x72, 0x43, 0x6f, 0x64, 0x65, 0x41, 0x74, 0x28,
  0x69, 0x29, 0x3b, 0x0a, 0x20, 0x20, 0x20, 0x20, 0x63, 0x6f, 0x6e, 0x73,
  0x74, 0x20, 0x6f, 0x6b, 0x20, 0x3d, 0x20, 0x28, 0x63, 0x20, 0x3e, 0x3d,
  0x20, 0x34, 0x38, 0x20, 0x26, 0x26, 0x20, 0x63, 0x20, 0x3c, 0x3d, 0x20,
  0x35, 0x37, 0x29, 0x20, 0x7c, 0x7c, 0x20, 0x28, 0x63, 0x20, 0x3e, 0x3d,
  0x20, 0x39, 0x37, 0x20, 0x26, 0x26, 0x20, 0x63, 0x20, 0x3c, 0x3d, 0x20,
  0x31, 0x32, 0x32, 0x29, 0x3b, 0x0a, 0x20, 0x20, 0x20, 0x20, 0x69, 0x66,
  0x20, 0x28, 0x6f, 0x6b, 0x29, 0x20, 0x7b, 0x0a, 0x20, 0x20, 0x20, 0x20,
  0x20, 0x20, 0x6f, 0x75, 0x74, 0x20, 0x2b, 0x3d, 0x20, 0x73, 0x72, 0x63,
  0x2e, 0x63, 0x68, 0x61, 0x72, 0x41, 0x74, 0x28, 0x69, 0x29, 0x3b, 0x0a,
  0x20, 0x20, 0x20, 0x20, 0x20, 0x20, 0x67, 0x61, 0x70, 0x20, 0x3d, 0x20,
  0x66, 0x61, 0x6c, 0x73, 0x65, 0x3b, 0x0a, 0x20, 0x20, 0x20, 0x20, 0x7d,
  0x20, 0x65, 0x6c, 0x73, 0x65, 0x20, 0x69, 0x66, 0x20, 0x28, 0x6f, 0x75,
  0x74, 0x2e, 0x6c, 0x65, 0x6e, 0x67, 0x74, 0x68, 0x20, 0x26, 0x26, 0x20,
  0x21, 0x67, 0x61, 0x70, 0x29, 0x20, 0x7b, 0x0a, 0x20, 0x20, 0x20, 0x20,
  0x20, 0x20, 0x6f, 0x75, 0x74, 0x20, 0x2b, 0x3d, 0x20, 0x27, 0x5f, 0x27,
  0x3b, 0x0a, 0x20, 0x20, 0x20, 0x20, 0x20, 0x20, 0x67, 0x61, 0x70, 0x20,
  0x3d, 0x20, 0x74, 0x72, 0x75, 0x65, 0x3b, 0x0a, 0x20, 0x20, 0x20, 0x20,
  0x7d, 0x0a, 0x20, 0x20, 0x7d, 0x0a, 0x20, 0x20, 0x69, 0x66, 0x20, 0x28,
  0x6f, 0x75, 0x74, 0x2e, 0x6c, 0x65, 0x6e, 0x67, 0x74, 0x68, 0x20, 0x26,
  0x26, 0x20, 0x6f, 0x75, 0x74, 0x2e, 0x63, 0x68, 0x61, 0x72, 0x41, 0x74,
  0x28, 0x6f, 0x75, 0x74, 0x2e, 0x6c, 0x65, 0x6e, 0x67, 0x74, 0x68, 0x20,
  0x2d, 0x20, 0x31, 0x29, 0x20, 0x3d, 0x3d, 0x3d, 0x20, 0x27, 0x5f, 0x27,
  0x29, 0x20, 0x7b, 0x0a, 0x20, 0x20, 0x20, 0x20, 0x6f, 0x75, 0x74, 0x20,
  0x3d, 0x20, 0x6f, 0x75, 0x74, 0x2e, 0x73, 0x6c, 0x69, 0x63, 0x65, 0x28,
  0x30, 0x2c, 0x20, 0x2d, 0x31, 0x29, 0x3b, 0x0a, 0x20, 0x20, 0x7d, 0x0a,
  0x20, 0x20, 0x72, 0x65, 0x74, 0x75, 0x72, 0x6e, 0x20, 0x6f, 0x75, 0x74,
  0x20, 0x7c, 0x7c, 0x20, 0x27, 0x75, 0x6e, 0x6b, 0x6e, 0x6f, 0x77, 0x6e,
  0x27, 0x3b, 0x0a, 0x7d, 0x0a, 0x0a, 0x66, 0x75, 0x6e, 0x63, 0x74, 0x69,
  0x6f, 0x6e, 0x20, 0x76, 0x61, 0x6c, 0x69, 0x64, 0x53, 0x6c, 0x75, 0x67,
  0x28, 0x74, 0x65, 0x78, 0x74, 0x2c, 0x20, 0x69, 0x73, 0x44, 0x6f, 0x6d,
  0x61, 0x69, 0x6e, 0x29, 0x20, 0x7b, 0x0a, 0x20, 0x20, 0x63, 0x6f, 0x6e,
  0x73, 0x74, 0x20, 0x73, 0x20, 0x3d, 0x20, 0x53, 0x74, 0x72, 0x69, 0x6e,
  0x67, 0x28, 0x74, 0x65, 0x78, 0x74, 0x20, 0x7c, 0x7c, 0x20, 0x27, 0x27,
  0x29, 0x3b, 0x0a, 0x20, 0x20, 0x69, 0x66, 0x20, 0x28, 0x21, 0x73, 0x2e,
  0x6c, 0x65, 0x6e, 0x67, 0x74, 0x68, 0x20, 0x7c, 0x7c, 0x20, 0x73, 0x2e,
  0x63, 0x68, 0x61, 0x72, 0x41, 0x74, 0x28, 0x30, 0x29, 0x20, 0x3d, 0x3d,
  0x3d, 0x20, 0x27, 0x5f, 0x27, 0x20, 0x7c, 0x7c, 0x20, 0x73, 0x2e, 0x63,
  0x68, 0x61, 0x72, 0x41, 0x74, 0x28, 0x73, 0x2e, 0x6c, 0x65, 0x6e, 0x67,
  0x74, 0x68, 0x20, 0x2d, 0x20, 0x31, 0x29, 0x20, 0x3d, 0x3d, 0x3d, 0x20,
  0x27, 0x5f, 0x27, 0x29, 0x20, 0x7b, 0x0a, 0x20, 0x20, 0x20, 0x20, 0x72,
  0x65, 0x74, 0x75, 0x72, 0x6e, 0x20, 0x66, 0x61, 0x6c, 0x73, 0x65, 0x3b,
  0x0a, 0x20, 0x20, 0x7d, 0x0a, 0x20, 0x20, 0x69, 0x66, 0x20, 0x28, 0x69,
  0x73, 0x44, 0x6f, 0x6d, 0x61, 0x69, 0x6e, 0x20, 0x26, 0x26, 0x20, 0x73,
  0x2e, 0x69, 0x6e, 0x64, 0x65, 0x78, 0x4f, 0x66, 0x28, 0x27, 0x5f, 0x5f,
  0x27, 0x29, 0x20, 0x3e, 0x3d, 0x20, 0x30, 0x29, 0x20, 0x72, 0x65, 0x74,
  0x75, 0x72, 0x6e, 0x20, 0x66, 0x61, 0x6c, 0x73, 0x65, 0x3b, 0x0a, 0x20,
  0x20, 0x6c, 0x65, 0x74, 0x20, 0x69, 0x3b, 0x0a, 0x20, 0x20, 0x66, 0x6f,
  0x72, 0x20, 0x28, 0x69, 0x20, 0x3d, 0x20, 0x30, 0x3b, 0x20, 0x69, 0x20,
  0x3c, 0x20, 0x73, 0x2e, 0x6c, 0x65, 0x6e, 0x67, 0x74, 0x68, 0x3b, 0x20,
  0x69, 0x2b, 0x2b, 0x29, 0x20, 0x7b, 0x0a, 0x20, 0x20, 0x20, 0x20, 0x63,
  0x6f, 0x6e, 0x73, 0x74, 0x20, 0x63, 0x20, 0x3d, 0x20, 0x73, 0x2e, 0x63,
  0x68, 0x61, 0x72, 0x43, 0x6f, 0x64, 0x65, 0x41, 0x74, 0x28, 0x69, 0x29,
  0x3b, 0x0a, 0x20, 0x20, 0x20, 0x20, 0x69, 0x66, 0x20, 0x28, 0x21, 0x28,
  0x28, 0x63, 0x20, 0x3e, 0x3d, 0x20, 0x34, 0x38, 0x20, 0x26, 0x26, 0x20,
  0x63, 0x20, 0x3c, 0x3d, 0x20, 0x35, 0x37, 0x29, 0x20, 0x7c, 0x7c, 0x20,
  0x28, 0x63, 0x20, 0x3e, 0x3d, 0x20, 0x39, 0x37, 0x20, 0x26, 0x26, 0x20,
  0x63, 0x20, 0x3c, 0x3d, 0x20, 0x31, 0x32, 0x32, 0x29, 0x20, 0x7c, 0x7c,
  0x20, 0x63, 0x20, 0x3d, 0x3d, 0x3d, 0x20, 0x39, 0x35, 0x29, 0x29, 0x20,
  0x7b, 0x0a, 0x20, 0x20, 0x20, 0x20, 0x20, 0x20, 0x72, 0x65, 0x74, 0x75,
  0x72, 0x6e, 0x20, 0x66, 0x61, 0x6c, 0x73, 0x65, 0x3b, 0x0a, 0x20, 0x20,
  0x20, 0x20, 0x7d, 0x0a, 0x20, 0x20, 0x7d, 0x0a, 0x20, 0x20, 0x72, 0x65,
  0x74, 0x75, 0x72, 0x6e, 0x20, 0x74, 0x72, 0x75, 0x65, 0x3b, 0x0a, 0x7d,
  0x0a, 0x0a, 0x66, 0x75, 0x6e, 0x63, 0x74, 0x69, 0x6f, 0x6e, 0x20, 0x76,
  0x61, 0x6c, 0x69, 0x64, 0x45, 0x6e, 0x74, 0x69, 0x74, 0x79, 0x49, 0x64,
  0x28, 0x65, 0x6e, 0x74, 0x69, 0x74, 0x79, 0x49, 0x64, 0x29, 0x20, 0x7b,
  0x0a, 0x20, 0x20, 0x63, 0x6f, 0x6e, 0x73, 0x74, 0x20, 0x69, 0x64, 0x20,
  0x3d, 0x20, 0x53, 0x74, 0x72, 0x69, 0x6e, 0x67, 0x28, 0x65, 0x6e, 0x74,
  0x69, 0x74, 0x79, 0x49, 0x64, 0x20, 0x7c, 0x7c, 0x20, 0x27, 0x27, 0x29,
  0x3b, 0x0a, 0x20, 0x20, 0x63, 0x6f, 0x6e, 0x73, 0x74, 0x20, 0x69, 0x20,
  0x3d, 0x20, 0x69, 0x64, 0x2e, 0x69, 0x6e, 0x64, 0x65, 0x78, 0x4f, 0x66,
  0x28, 0x27, 0x2e, 0x27, 0x29, 0x3b, 0x0a, 0x20, 0x20, 0x69, 0x66, 0x20,
  0x28, 0x69, 0x20, 0x3c, 0x20, 0x31, 0x20, 0x7c, 0x7c, 0x20, 0x69, 0x64,
  0x2e, 0x69, 0x6e, 0x64, 0x65, 0x78, 0x4f, 0x66, 0x28, 0x27, 0x2e, 0x27,
  0x2c, 0x20, 0x69, 0x20, 0x2b, 0x20, 0x31, 0x29, 0x20, 0x3e, 0x3d, 0x20,
  0x30, 0x29, 0x20, 0x72, 0x65, 0x74, 0x75, 0x72, 0x6e, 0x20, 0x66, 0x61,
  0x6c, 0x73, 0x65, 0x3b, 0x0a, 0x20, 0x20, 0x72, 0x65, 0x74, 0x75, 0x72,
  0x6e, 0x20, 0x76, 0x61, 0x6c, 0x69, 0x64, 0x53, 0x6c, 0x75, 0x67, 0x28,
  0x69, 0x64, 0x2e, 0x73, 0x6c, 0x69, 0x63, 0x65, 0x28, 0x30, 0x2c, 0x20,
  0x69, 0x29, 0x2c, 0x20, 0x74, 0x72, 0x75, 0x65, 0x29, 0x20, 0x26, 0x26,
  0x20, 0x76, 0x61, 0x6c, 0x69, 0x64, 0x53, 0x6c, 0x75, 0x67, 0x28, 0x69,
  0x64, 0x2e, 0x73, 0x6c, 0x69, 0x63, 0x65, 0x28, 0x69, 0x20, 0x2b, 0x20,
  0x31, 0x29, 0x2c, 0x20, 0x66, 0x61, 0x6c, 0x73, 0x65, 0x29, 0x3b, 0x0a,
  0x7d, 0x0a, 0x0a, 0x66, 0x75, 0x6e, 0x63, 0x74, 0x69, 0x6f, 0x6e, 0x20,
  0x73, 0x70, 0x6c, 0x69, 0x74, 0x45, 0x6e, 0x74, 0x69, 0x74, 0x79, 0x49,
  0x64, 0x28, 0x65, 0x6e, 0x74, 0x69, 0x74, 0x79, 0x49, 0x64, 0x29, 0x20,
  0x7b, 0x0a, 0x20, 0x20, 0x63, 0x6f, 0x6e, 0x73, 0x74, 0x20, 0x69, 0x64,
  0x20, 0x3d, 0x20, 0x53, 0x74, 0x72, 0x69, 0x6e, 0x67, 0x28, 0x65, 0x6e,
  0x74, 0x69, 0x74, 0x79, 0x49, 0x64, 0x20, 0x7c, 0x7c, 0x20, 0x27, 0x27,
  0x29, 0x3b, 0x0a, 0x20, 0x20, 0x63, 0x6f, 0x6e, 0x73, 0x74, 0x20, 0x69,
  0x20, 0x3d, 0x20, 0x69, 0x64, 0x2e, 0x69, 0x6e, 0x64, 0x65, 0x78, 0x4f,
  0x66, 0x28, 0x27, 0x2e, 0x27, 0x29, 0x3b, 0x0a, 0x20, 0x20, 0x69, 0x66,
  0x20, 0x28, 0x69, 0x20, 0x3c, 0x20, 0x31, 0x20, 0x7c, 0x7c, 0x20, 0x69,
  0x64, 0x2e, 0x69, 0x6e, 0x64, 0x65, 0x78, 0x4f, 0x66, 0x28, 0x27, 0x2e,
  0x27, 0x2c, 0x20, 0x69, 0x20, 0x2b, 0x20, 0x31, 0x29, 0x20, 0x3e, 0x3d,
  0x20, 0x30, 0x29, 0x20, 0x72, 0x65, 0x74, 0x75, 0x72, 0x6e, 0x20, 0x6e,
  0x75, 0x6c, 0x6c, 0x3b, 0x0a, 0x20, 0x20, 0x63, 0x6f, 0x6e, 0x73, 0x74,
  0x20, 0x64, 0x6f, 0x6d, 0x61, 0x69, 0x6e, 0x20, 0x3d, 0x20, 0x69, 0x64,
  0x2e, 0x73, 0x6c, 0x69, 0x63, 0x65, 0x28, 0x30, 0x2c, 0x20, 0x69, 0x29,
  0x3b, 0x0a, 0x20, 0x20, 0x63, 0x6f, 0x6e, 0x73, 0x74, 0x20, 0x6f, 0x62,
  0x6a, 0x65, 0x63, 0x74, 0x49, 0x64, 0x20, 0x3d, 0x20, 0x69, 0x64, 0x2e,
  0x73, 0x6c, 0x69, 0x63, 0x65, 0x28, 0x69, 0x20, 0x2b, 0x20, 0x31, 0x29,
  0x3b, 0x0a, 0x20, 0x20, 0x69, 0x66, 0x20, 0x28, 0x21, 0x64, 0x6f, 0x6d,
  0x61, 0x69, 0x6e, 0x20, 0x7c, 0x7c, 0x20, 0x21, 0x6f, 0x62, 0x6a, 0x65,
  0x63, 0x74, 0x49, 0x64, 0x29, 0x20, 0x72, 0x65, 0x74, 0x75, 0x72, 0x6e,
  0x20, 0x6e, 0x75, 0x6c, 0x6c, 0x3b, 0x0a, 0x20, 0x20, 0x72, 0x65, 0x74,
  0x75, 0x72, 0x6e, 0x20, 0x5b, 0x64, 0x6f, 0x6d, 0x61, 0x69, 0x6e, 0x2c,
  0x20, 0x6f, 0x62, 0x6a, 0x65, 0x63, 0x74, 0x49, 0x64, 0x5d, 0x3b, 0x0a,
  0x7d, 0x0a, 0x0a, 0x66, 0x75, 0x6e, 0x63, 0x74, 0x69, 0x6f, 0x6e, 0x20,
  0x72, 0x61, 0x6e, 0x64, 0x6f, 0x6d, 0x55, 0x75, 0x69, 0x64, 0x48, 0x65,
  0x78, 0x28, 0x29, 0x20, 0x7b, 0x0a, 0x20, 0x20, 0x6c, 0x65, 0x74, 0x20,
  0x73, 0x20, 0x3d, 0x20, 0x27, 0x27, 0x3b, 0x0a, 0x20, 0x20, 0x6c, 0x65,
  0x74, 0x20, 0x69, 0x3b, 0x0a, 0x20, 0x20, 0x66, 0x6f, 0x72, 0x20, 0x28,
  0x69, 0x20, 0x3d, 0x20, 0x30, 0x3b, 0x20, 0x69, 0x20, 0x3c, 0x20, 0x33,
  0x32, 0x3b, 0x20, 0x69, 0x2b, 0x2b, 0x29, 0x20, 0x7b, 0x0a, 0x20, 0x20,
  0x20, 0x20, 0x73, 0x20, 0x2b, 0x3d, 0x20, 0x27, 0x30, 0x31, 0x32, 0x33,
  0x34, 0x35, 0x36, 0x37, 0x38, 0x39, 0x61, 0x62, 0x63, 0x64, 0x65, 0x66,
  0x27, 0x2e, 0x63, 0x68, 0x61, 0x72, 0x41, 0x74, 0x28, 0x28, 0x4d, 0x61,
  0x74, 0x68, 0x2e, 0x72, 0x61, 0x6e, 0x64, 0x6f, 0x6d, 0x28, 0x29, 0x20,
  0x2a, 0x20, 0x31, 0x36, 0x29, 0x20, 0x7c, 0x20, 0x30, 0x29, 0x3b, 0x0a,
  0x20, 0x20, 0x7d, 0x0a, 0x20, 0x20, 0x72, 0x65, 0x74, 0x75, 0x72, 0x6e,
  0x20, 0x73, 0x3b, 0x0a, 0x7d, 0x0a, 0x0a, 0x66, 0x75, 0x6e, 0x63, 0x74,
  0x69, 0x6f, 0x6e, 0x20, 0x69, 0x73, 0x55, 0x75, 0x69, 0x64, 0x48, 0x65,
  0x78, 0x28, 0x76, 0x61, 0x6c, 0x75, 0x65, 0x29, 0x20, 0x7b, 0x0a, 0x20,
  0x20, 0x63, 0x6f, 0x6e, 0x73, 0x74, 0x20, 0x73, 0x20, 0x3d, 0x20, 0x53,
  0x74, 0x72, 0x69, 0x6e, 0x67, 0x28, 0x76, 0x61, 0x6c, 0x75, 0x65, 0x20,
  0x7c, 0x7c, 0x20, 0x27, 0x27, 0x29, 0x3b, 0x0a, 0x20, 0x20, 0x69, 0x66,
  0x20, 0x28, 0x73, 0x2e, 0x6c, 0x65, 0x6e, 0x67, 0x74, 0x68, 0x20, 0x21,
  0x3d, 0x3d, 0x20, 0x33, 0x32, 0x29, 0x20, 0x72, 0x65, 0x74, 0x75, 0x72,
  0x6e, 0x20, 0x66, 0x61, 0x6c, 0x73, 0x65, 0x3b, 0x0a, 0x20, 0x20, 0x6c,
  0x65, 0x74, 0x20, 0x69, 0x3b, 0x0a, 0x20, 0x20, 0x66, 0x6f, 0x72, 0x20,
  0x28, 0x69, 0x20, 0x3d, 0x20, 0x30, 0x3b, 0x20, 0x69, 0x20, 0x3c, 0x20,
  0x33, 0x32, 0x3b, 0x20, 0x69, 0x2b, 0x2b, 0x29, 0x20, 0x7b, 0x0a, 0x20,
  0x20, 0x20, 0x20, 0x63, 0x6f, 0x6e, 0x73, 0x74, 0x20, 0x63, 0x20, 0x3d,
  0x20, 0x73, 0x2e, 0x63, 0x68, 0x61, 0x72, 0x43, 0x6f, 0x64, 0x65, 0x41,
  0x74, 0x28, 0x69, 0x29, 0x3b, 0x0a, 0x20, 0x20, 0x20, 0x20, 0x69, 0x66,
  0x20, 0x28, 0x21, 0x28, 0x28, 0x63, 0x20, 0x3e, 0x3d, 0x20, 0x34, 0x38,
  0x20, 0x26, 0x26, 0x20, 0x63, 0x20, 0x3c, 0x3d, 0x20, 0x35, 0x37, 0x29,
  0x20, 0x7c, 0x7c, 0x20, 0x28, 0x63, 0x20, 0x3e, 0x3d, 0x20, 0x39, 0x37,
  0x20, 0x26, 0x26, 0x20, 0x63, 0x20, 0x3c, 0x3d, 0x20, 0x31, 0x30, 0x32,
  0x29, 0x29, 0x29, 0x20, 0x72, 0x65, 0x74, 0x75, 0x72, 0x6e, 0x20, 0x66,
  0x61, 0x6c, 0x73, 0x65, 0x3b, 0x0a, 0x20, 0x20, 0x7d, 0x0a, 0x20, 0x20,
  0x72, 0x65, 0x74, 0x75, 0x72, 0x6e, 0x20, 0x74, 0x72, 0x75, 0x65, 0x3b,
  0x0a, 0x7d, 0x0a, 0x0a, 0x66, 0x75, 0x6e, 0x63, 0x74, 0x69, 0x6f, 0x6e,
  0x20, 0x6e, 0x6f, 0x72, 0x6d, 0x61, 0x6c, 0x69, 0x7a, 0x65, 0x45, 0x6e,
  0x74, 0x69, 0x74, 0x79, 0x49, 0x64, 0x28, 0x76, 0x61, 0x6c, 0x75, 0x65,
  0x29, 0x20, 0x7b, 0x0a, 0x20, 0x20, 0x63, 0x6f, 0x6e, 0x73, 0x74, 0x20,
  0x72, 0x61, 0x77, 0x20, 0x3d, 0x20, 0x53, 0x74, 0x72, 0x69, 0x6e, 0x67,
  0x28, 0x76, 0x61, 0x6c, 0x75, 0x65, 0x20, 0x7c, 0x7c, 0x20, 0x27, 0x27,
  0x29, 0x2e, 0x74, 0x72, 0x69, 0x6d, 0x28, 0x29, 0x2e, 0x74, 0x6f, 0x4c,
  0x6f, 0x77, 0x65, 0x72, 0x43, 0x61, 0x73, 0x65, 0x28, 0x29, 0x3b, 0x0a,
  0x20, 0x20, 0x63, 0x6f, 0x6e, 0x73, 0x74, 0x20, 0x70, 0x61, 0x72, 0x74,
  0x73, 0x20, 0x3d, 0x20, 0x73, 0x70, 0x6c, 0x69, 0x74, 0x45, 0x6e, 0x74,
  0x69, 0x74, 0x79, 0x49, 0x64, 0x28, 0x72, 0x61, 0x77, 0x29, 0x3b, 0x0a,
  0x20, 0x20, 0x69, 0x66, 0x20, 0x28, 0x21, 0x70, 0x61, 0x72, 0x74, 0x73,
  0x29, 0x20, 0x72, 0x65, 0x74, 0x75, 0x72, 0x6e, 0x20, 0x27, 0x27, 0x3b,
  0x0a, 0x20, 0x20, 0x63, 0x6f, 0x6e, 0x73, 0x74, 0x20, 0x69, 0x64, 0x20,
  0x3d, 0x20, 0x73, 0x6c, 0x75, 0x67, 0x69, 0x66, 0x79, 0x28, 0x70, 0x61,
  0x72, 0x74, 0x73, 0x5b, 0x30, 0x5d, 0x29, 0x20, 0x2b, 0x20, 0x27, 0x2e,
  0x27, 0x20, 0x2b, 0x20, 0x73, 0x6c, 0x75, 0x67, 0x69, 0x66, 0x79, 0x28,
  0x70, 0x61, 0x72, 0x74, 0x73, 0x5b, 0x31, 0x5d, 0x29, 0x3b, 0x0a, 0x20,
  0x20, 0x72, 0x65, 0x74, 0x75, 0x72, 0x6e, 0x20, 0x76, 0x61, 0x6c, 0x69,
  0x64, 0x45, 0x6e, 0x74, 0x69, 0x74, 0x79, 0x49, 0x64, 0x28, 0x69, 0x64,
  0x29, 0x20, 0x3f, 0x20, 0x69, 0x64, 0x20, 0x3a, 0x20, 0x27, 0x27, 0x3b,
  0x0a, 0x7d, 0x0a, 0x0a, 0x66, 0x75, 0x6e, 0x63, 0x74, 0x69, 0x6f, 0x6e,
  0x20, 0x6e, 0x6f, 0x72, 0x6d, 0x61, 0x6c, 0x69, 0x7a, 0x65, 0x45, 0x6e,
  0x74, 0x72, 0x79, 0x28, 0x72, 0x61, 0x77, 0x2c, 0x20, 0x69, 0x6e, 0x64,
  0x65, 0x78, 0x29, 0x20, 0x7b, 0x0a, 0x20, 0x20, 0x72, 0x61, 0x77, 0x20,
  0x3d, 0x20, 0x72, 0x61, 0x77, 0x20, 0x7c, 0x7c, 0x20, 0x7b, 0x7d, 0x3b,
  0x0a, 0x20, 0x20, 0x6c, 0x65, 0x74, 0x20, 0x65, 0x6e, 0x74, 0x69, 0x74,
  0x79, 0x49, 0x64, 0x20, 0x3d, 0x20, 0x6e, 0x6f, 0x72, 0x6d, 0x61, 0x6c,
  0x69, 0x7a, 0x65, 0x45, 0x6e, 0x74, 0x69, 0x74, 0x79, 0x49, 0x64, 0x28,
  0x72, 0x61, 0x77, 0x2e, 0x65, 0x6e, 0x74, 0x69, 0x74, 0x79, 0x5f, 0x69,
  0x64, 0x29, 0x3b, 0x0a, 0x20, 0x20, 0x69, 0x66, 0x20, 0x28, 0x21, 0x65,
  0x6e, 0x74, 0x69, 0x74, 0x79, 0x49, 0x64, 0x29, 0x20, 0x7b, 0x0a, 0x20,
  0x20, 0x20, 0x20, 0x63, 0x6f, 0x6e, 0x73, 0x74, 0x20, 0x64, 0x6f, 0x6d,
  0x61, 0x69, 0x6e, 0x20, 0x3d, 0x20, 0x73, 0x6c, 0x75, 0x67, 0x69, 0x66,
  0x79, 0x28, 0x72, 0x61, 0x77, 0x2e, 0x64, 0x6f, 0x6d, 0x61, 0x69, 0x6e,
  0x20, 0x7c, 0x7c, 0x20, 0x27, 0x73, 0x65, 0x6e, 0x73, 0x6f, 0x72, 0x27,
  0x29, 0x3b, 0x0a, 0x20, 0x20, 0x20, 0x20, 0x63, 0x6f, 0x6e, 0x73, 0x74,
  0x20, 0x6f, 0x62, 0x6a, 0x65, 0x63, 0x74, 0x49, 0x64, 0x20, 0x3d, 0x20,
  0x73, 0x6c, 0x75, 0x67, 0x69, 0x66, 0x79, 0x28, 0x72, 0x61, 0x77, 0x2e,
  0x75, 0x6e, 0x69, 0x71, 0x75, 0x65, 0x5f, 0x69, 0x64, 0x20, 0x7c, 0x7c,
  0x20, 0x28, 0x27, 0x64, 0x65, 0x76, 0x69, 0x63, 0x65, 0x5f, 0x27, 0x20,
  0x2b, 0x20, 0x69, 0x6e, 0x64, 0x65, 0x78, 0x29, 0x29, 0x3b, 0x0a, 0x20,
  0x20, 0x20, 0x20, 0x65, 0x6e, 0x74, 0x69, 0x74, 0x79, 0x49, 0x64, 0x20,
  0x3d, 0x20, 0x64, 0x6f, 0x6d, 0x61, 0x69, 0x6e, 0x20, 0x2b, 0x20, 0x27,
  0x2e, 0x27, 0x20, 0x2b, 0x20, 0x6f, 0x62, 0x6a, 0x65, 0x63, 0x74, 0x49,
  0x64, 0x3b, 0x0a, 0x20, 0x20, 0x7d, 0x0a, 0x20, 0x20, 0x63, 0x6f, 0x6e,
  0x73, 0x74, 0x20, 0x70, 0x61, 0x72, 0x74, 0x73, 0x20, 0x3d, 0x20, 0x73,
  0x70, 0x6c, 0x69, 0x74, 0x45, 0x6e, 0x74, 0x69, 0x74, 0x79, 0x49, 0x64,
  0x28, 0x65, 0x6e, 0x74, 0x69, 0x74, 0x79, 0x49, 0x64, 0x29, 0x3b, 0x0a,
  0x20, 0x20, 0x63, 0x6f, 0x6e, 0x73, 0x74, 0x20, 0x64, 0x6f, 0x6d, 0x61,
  0x69, 0x6e, 0x20, 0x3d, 0x20, 0x70, 0x61, 0x72, 0x74, 0x73, 0x5b, 0x30,
  0x5d, 0x3b, 0x0a, 0x20, 0x20, 0x63, 0x6f, 0x6e, 0x73, 0x74, 0x20, 0x6f,
  0x62, 0x6a, 0x65, 0x63, 0x74, 0x49, 0x64, 0x20, 0x3d, 0x20, 0x70, 0x61,
  0x72, 0x74, 0x73, 0x5b, 0x31, 0x5d, 0x3b, 0x0a, 0x20, 0x20, 0x72, 0x65,
  0x74, 0x75, 0x72, 0x6e, 0x20, 0x7b, 0x0a, 0x20, 0x20, 0x20, 0x20, 0x69,
  0x64, 0x3a, 0x20, 0x69, 0x73, 0x55, 0x75, 0x69, 0x64, 0x48, 0x65, 0x78,
  0x28, 0x72, 0x61, 0x77, 0x2e, 0x69, 0x64, 0x29, 0x20, 0x3f, 0x20, 0x72,
  0x61, 0x77, 0x2e, 0x69, 0x64, 0x20, 0x3a, 0x20, 0x72, 0x61, 0x6e, 0x64,
  0x6f, 0x6d, 0x55, 0x75, 0x69, 0x64, 0x48, 0x65, 0x78, 0x28, 0x29, 0x2c,
  0x0a, 0x20, 0x20, 0x20, 0x20, 0x65, 0x6e, 0x74, 0x69, 0x74, 0x79, 0x5f,
  0x69, 0x64, 0x3a, 0x20, 0x65, 0x6e, 0x74, 0x69, 0x74, 0x79, 0x49, 0x64,
  0x2c, 0x0a, 0x20, 0x20, 0x20, 0x20, 0x75, 0x6e, 0x69, 0x71, 0x75, 0x65,
  0x5f, 0x69, 0x64, 0x3a, 0x20, 0x53, 0x74, 0x72, 0x69, 0x6e, 0x67, 0x28,
  0x72, 0x61, 0x77, 0x2e, 0x75, 0x6e, 0x69, 0x71, 0x75, 0x65, 0x5f, 0x69,
  0x64, 0x20, 0x7c, 0x7c, 0x20, 0x6f, 0x62, 0x6a, 0x65, 0x63, 0x74, 0x49,
  0x64, 0x29, 0x2c, 0x0a, 0x20, 0x20, 0x20, 0x20, 0x70, 0x6c, 0x61, 0x74,
  0x66, 0x6f, 0x72, 0x6d, 0x3a, 0x20, 0x73, 0x6c, 0x75, 0x67, 0x69, 0x66,
  0x79, 0x28, 0x72, 0x61, 0x77, 0x2e, 0x70, 0x6c, 0x61, 0x74, 0x66, 0x6f,
  0x72, 0x6d, 0x20, 0x7c, 0x7c, 0x20, 0x27, 0x68, 0x75, 0x62, 0x27, 0x29,
  0x2c, 0x0a, 0x20, 0x20, 0x20, 0x20, 0x64, 0x6f, 0x6d, 0x61, 0x69, 0x6e,
  0x3a, 0x20, 0x64, 0x6f, 0x6d, 0x61, 0x69, 0x6e, 0x2c, 0x0a, 0x20, 0x20,
  0x20, 0x20, 0x6e, 0x61, 0x6d, 0x65, 0x3a, 0x20, 0x72, 0x61, 0x77, 0x2e,
  0x6e, 0x61, 0x6d, 0x65, 0x20, 0x7c, 0x7c, 0x20, 0x6e, 0x75, 0x6c, 0x6c,
  0x2c, 0x0a, 0x20, 0x20, 0x20, 0x20, 0x6f, 0x72, 0x69, 0x67, 0x69, 0x6e,
  0x61, 0x6c, 0x5f, 0x6e, 0x61, 0x6d, 0x65, 0x3a, 0x20, 0x72, 0x61, 0x77,
  0x2e, 0x6f, 0x72, 0x69, 0x67, 0x69, 0x6e, 0x61, 0x6c, 0x5f, 0x6e, 0x61,
  0x6d, 0x65, 0x20, 0x7c, 0x7c, 0x20, 0x72, 0x61, 0x77, 0x2e, 0x6e, 0x61,
  0x6d, 0x65, 0x20, 0x7c, 0x7c, 0x20, 0x6e, 0x75, 0x6c, 0x6c, 0x2c, 0x0a,
  0x20, 0x20, 0x20, 0x20, 0x64, 0x65, 0x76, 0x69, 0x63, 0x65, 0x5f, 0x69,
  0x64, 0x3a, 0x20, 0x72, 0x61, 0x77, 0x2e, 0x64, 0x65, 0x76, 0x69, 0x63,
  0x65, 0x5f, 0x69, 0x64, 0x20, 0x7c, 0x7c, 0x20, 0x6e, 0x75, 0x6c, 0x6c,
  0x2c, 0x0a, 0x20, 0x20, 0x20, 0x20, 0x61, 0x72, 0x65, 0x61, 0x5f, 0x69,
  0x64, 0x3a, 0x20, 0x72, 0x61, 0x77, 0x2e, 0x61, 0x72, 0x65, 0x61, 0x5f,
  0x69, 0x64, 0x20, 0x7c, 0x7c, 0x20, 0x6e, 0x75, 0x6c, 0x6c, 0x0a, 0x20,
  0x20, 0x7d, 0x3b, 0x0a, 0x7d, 0x0a, 0x0a, 0x66, 0x75, 0x6e, 0x63, 0x74,
  0x69, 0x6f, 0x6e, 0x20, 0x73, 0x61, 0x76, 0x65, 0x53, 0x6c, 0x6f, 0x74,
  0x73, 0x28, 0x29, 0x20, 0x7b, 0x0a, 0x20, 0x20, 0x73, 0x74, 0x6f, 0x72,
  0x61, 0x67, 0x65, 0x2e, 0x73, 0x65, 0x74, 0x28, 0x27, 0x68, 0x61, 0x5f,
  0x73, 0x6c, 0x6f, 0x74, 0x73, 0x27, 0x2c, 0x20, 0x4a, 0x53, 0x4f, 0x4e,
  0x2e, 0x73, 0x74, 0x72, 0x69, 0x6e, 0x67, 0x69, 0x66, 0x79, 0x28, 0x73,
  0x6c, 0x6f, 0x74, 0x73, 0x29, 0x29, 0x3b, 0x0a, 0x7d, 0x0a, 0x0a, 0x66,
  0x75, 0x6e, 0x63, 0x74, 0x69, 0x6f, 0x6e, 0x20, 0x73, 0x61, 0x76, 0x65,
  0x44, 0x65, 0x6c, 0x65, 0x74, 0x65, 0x64, 0x28, 0x29, 0x20, 0x7b, 0x0a,
  0x20, 0x20, 0x73, 0x74, 0x6f, 0x72, 0x61, 0x67, 0x65, 0x2e, 0x73, 0x65,
  0x74, 0x28, 0x27, 0x68, 0x61, 0x5f, 0x64, 0x65, 0x6c, 0x65, 0x74, 0x65,
  0x64, 0x27, 0x2c, 0x20, 0x4a, 0x53, 0x4f, 0x4e, 0x2e, 0x73, 0x74, 0x72,
  0x69, 0x6e, 0x67, 0x69, 0x66, 0x79, 0x28, 0x64, 0x65, 0x6c, 0x65, 0x74,
  0x65, 0x64, 0x29, 0x29, 0x3b, 0x0a, 0x7d, 0x0a, 0x0a, 0x66, 0x75, 0x6e,
  0x63, 0x74, 0x69, 0x6f, 0x6e, 0x20, 0x66, 0x69, 0x6e, 0x64, 0x44, 0x65,
  0x6c, 0x65, 0x74, 0x65, 0x64, 0x28, 0x64, 0x6f, 0x6d, 0x61, 0x69, 0x6e,
  0x2c, 0x20, 0x70, 0x6c, 0x61, 0x74, 0x66, 0x6f, 0x72, 0x6d, 0x2c, 0x20,
  0x75, 0x6e, 0x69, 0x71, 0x75, 0x65, 0x49, 0x64, 0x29, 0x20, 0x7b, 0x0a,
  0x20, 0x20, 0x6c, 0x65, 0x74, 0x20, 0x69, 0x3b, 0x0a, 0x20, 0x20, 0x66,
  0x6f, 0x72, 0x20, 0x28, 0x69, 0x20, 0x3d, 0x20, 0x30, 0x3b, 0x20, 0x69,
  0x20, 0x3c, 0x20, 0x64, 0x65, 0x6c, 0x65, 0x74, 0x65, 0x64, 0x2e, 0x6c,
  0x65, 0x6e, 0x67, 0x74, 0x68, 0x3b, 0x20, 0x69, 0x2b, 0x2b, 0x29, 0x20,
  0x7b, 0x0a, 0x20, 0x20, 0x20, 0x20, 0x69, 0x66, 0x20, 0x28, 0x64, 0x65,
  0x6c, 0x65, 0x74, 0x65, 0x64, 0x5b, 0x69, 0x5d, 0x2e, 0x64, 0x6f, 0x6d,
  0x61, 0x69, 0x6e, 0x20, 0x3d, 0x3d, 0x3d, 0x20, 0x64, 0x6f, 0x6d, 0x61,
  0x69, 0x6e, 0x20, 0x26, 0x26, 0x0a, 0x20, 0x20, 0x20, 0x20, 0x20, 0x20,
  0x20, 0x20, 0x64, 0x65, 0x6c, 0x65, 0x74, 0x65, 0x64, 0x5b, 0x69, 0x5d,
  0x2e, 0x70, 0x6c, 0x61, 0x74, 0x66, 0x6f, 0x72, 0x6d, 0x20, 0x3d, 0x3d,
  0x3d, 0x20, 0x70, 0x6c, 0x61, 0x74, 0x66, 0x6f, 0x72, 0x6d, 0x20, 0x26,
  0x26, 0x0a, 0x20, 0x20, 0x20, 0x20, 0x20, 0x20, 0x20, 0x20, 0x64, 0x65,
  0x6c, 0x65, 0x74, 0x65, 0x64, 0x5b, 0x69, 0x5d, 0x2e, 0x75, 0x6e, 0x69,
  0x71, 0x75, 0x65, 0x5f, 0x69, 0x64, 0x20, 0x3d, 0x3d, 0x3d, 0x20, 0x75,
  0x6e, 0x69, 0x71, 0x75, 0x65, 0x49, 0x64, 0x29, 0x20, 0x7b, 0x0a, 0x20,
  0x20, 0x20, 0x20, 0x20, 0x20, 0x72, 0x65, 0x74, 0x75, 0x72, 0x6e, 0x20,
  0x69, 0x3b, 0x0a, 0x20, 0x20, 0x20, 0x20, 0x7d, 0x0a, 0x20, 0x20, 0x7d,
  0x0a, 0x20, 0x20, 0x72, 0x65, 0x74, 0x75, 0x72, 0x6e, 0x20, 0x2d, 0x31,
  0x3b, 0x0a, 0x7d, 0x0a, 0x0a, 0x66, 0x75, 0x6e, 0x63, 0x74, 0x69, 0x6f,
  0x6e, 0x20, 0x70, 0x75, 0x73, 0x68, 0x44, 0x65, 0x6c, 0x65, 0x74, 0x65,
  0x64, 0x28, 0x65, 0x6e, 0x74, 0x72, 0x79, 0x29, 0x20, 0x7b, 0x0a, 0x20,
  0x20, 0x69, 0x66, 0x20, 0x28, 0x21, 0x65, 0x6e, 0x74, 0x72, 0x79, 0x20,
  0x7c, 0x7c, 0x20, 0x21, 0x65, 0x6e, 0x74, 0x72, 0x79, 0x2e, 0x65, 0x6e,
  0x74, 0x69, 0x74, 0x79, 0x5f, 0x69, 0x64, 0x29, 0x20, 0x72, 0x65, 0x74,
  0x75, 0x72, 0x6e, 0x3b, 0x0a, 0x20, 0x20, 0x63, 0x6f, 0x6e, 0x73, 0x74,
  0x20, 0x6b, 0x65, 0x79, 0x20, 0x3d, 0x20, 0x66, 0x69, 0x6e, 0x64, 0x44,
  0x65, 0x6c, 0x65, 0x74, 0x65, 0x64, 0x28, 0x65, 0x6e, 0x74, 0x72, 0x79,
  0x2e, 0x64, 0x6f, 0x6d, 0x61, 0x69, 0x6e, 0x2c, 0x20, 0x65, 0x6e, 0x74,
  0x72, 0x79, 0x2e, 0x70, 0x6c, 0x61, 0x74, 0x66, 0x6f, 0x72, 0x6d, 0x2c,
  0x20, 0x65, 0x6e, 0x74, 0x72, 0x79, 0x2e, 0x75, 0x6e, 0x69, 0x71, 0x75,
  0x65, 0x5f, 0x69, 0x64, 0x29, 0x3b, 0x0a, 0x20, 0x20, 0x63, 0x6f, 0x6e,
  0x73, 0x74, 0x20, 0x72, 0x6f, 0x77, 0x20, 0x3d, 0x20, 0x7b, 0x0a, 0x20,
  0x20, 0x20, 0x20, 0x69, 0x64, 0x3a, 0x20, 0x65, 0x6e, 0x74, 0x72, 0x79,
  0x2e, 0x69, 0x64, 0x2c, 0x0a, 0x20, 0x20, 0x20, 0x20, 0x65, 0x6e, 0x74,
  0x69, 0x74, 0x79, 0x5f, 0x69, 0x64, 0x3a, 0x20, 0x65, 0x6e, 0x74, 0x72,
  0x79, 0x2e, 0x65, 0x6e, 0x74, 0x69, 0x74, 0x79, 0x5f, 0x69, 0x64, 0x2c,
  0x0a, 0x20, 0x20, 0x20, 0x20, 0x75, 0x6e, 0x69, 0x71, 0x75, 0x65, 0x5f,
  0x69, 0x64, 0x3a, 0x20, 0x65, 0x6e, 0x74, 0x72, 0x79, 0x2e, 0x75, 0x6e,
  0x69, 0x71, 0x75, 0x65, 0x5f, 0x69, 0x64, 0x2c, 0x0a, 0x20, 0x20, 0x20,
  0x20, 0x70, 0x6c, 0x61, 0x74, 0x66, 0x6f, 0x72, 0x6d, 0x3a, 0x20, 0x65,
  0x6e, 0x74, 0x72, 0x79, 0x2e, 0x70, 0x6c, 0x61, 0x74, 0x66, 0x6f, 0x72,
  0x6d, 0x2c, 0x0a, 0x20, 0x20, 0x20, 0x20, 0x64, 0x6f, 0x6d, 0x61, 0x69,
  0x6e, 0x3a, 0x20, 0x65, 0x6e, 0x74, 0x72, 0x79, 0x2e, 0x64, 0x6f, 0x6d,
  0x61, 0x69, 0x6e, 0x2c, 0x0a, 0x20, 0x20, 0x20, 0x20, 0x6e, 0x61, 0x6d,
  0x65, 0x3a, 0x20, 0x65, 0x6e, 0x74, 0x72, 0x79, 0x2e, 0x6e, 0x61, 0x6d,
  0x65, 0x20, 0x7c, 0x7c, 0x20, 0x6e, 0x75, 0x6c, 0x6c, 0x2c, 0x0a, 0x20,
  0x20, 0x20, 0x20, 0x6f, 0x72, 0x69, 0x67, 0x69, 0x6e, 0x61, 0x6c, 0x5f,
  0x6e, 0x61, 0x6d, 0x65, 0x3a, 0x20, 0x65, 0x6e, 0x74, 0x72, 0x79, 0x2e,
  0x6f, 0x72, 0x69, 0x67, 0x69, 0x6e, 0x61, 0x6c, 0x5f, 0x6e, 0x61, 0x6d,
  0x65, 0x20, 0x7c, 0x7c, 0x20, 0x6e, 0x75, 0x6c, 0x6c, 0x2c, 0x0a, 0x20,
  0x20, 0x20, 0x20, 0x61, 0x72, 0x65, 0x61, 0x5f, 0x69, 0x64, 0x3a, 0x20,
  0x65, 0x6e, 0x74, 0x72, 0x79, 0x2e, 0x61, 0x72, 0x65, 0x61, 0x5f, 0x69,
  0x64, 0x20, 0x7c, 0x7c, 0x20, 0x6e, 0x75, 0x6c, 0x6c, 0x2c, 0x0a, 0x20,
  0x20, 0x20, 0x20, 0x6f, 0x72, 0x70, 0x68, 0x61, 0x6e, 0x65, 0x64, 0x5f,
  0x74, 0x69, 0x6d, 0x65, 0x73, 0x74, 0x61, 0x6d, 0x70, 0x3a, 0x20, 0x44,
  0x61, 0x74, 0x65, 0x2e, 0x6e, 0x6f, 0x77, 0x28, 0x29, 0x20, 0x2f, 0x20,
  0x31, 0x30, 0x30, 0x30, 0x0a, 0x20, 0x20, 0x7d, 0x3b, 0x0a, 0x20, 0x20,
  0x69, 0x66, 0x20, 0x28, 0x6b, 0x65, 0x79, 0x20, 0x3e, 0x3d, 0x20, 0x30,
  0x29, 0x20, 0x64, 0x65, 0x6c, 0x65, 0x74, 0x65, 0x64, 0x5b, 0x6b, 0x65,
  0x79, 0x5d, 0x20, 0x3d, 0x20, 0x72, 0x6f, 0x77, 0x3b, 0x0a, 0x20, 0x20,
  0x65, 0x6c, 0x73, 0x65, 0x20, 0x64, 0x65, 0x6c, 0x65, 0x74, 0x65, 0x64,
  0x2e, 0x70, 0x75, 0x73, 0x68, 0x28, 0x72, 0x6f, 0x77, 0x29, 0x3b, 0x0a,
  0x20, 0x20, 0x77, 0x68, 0x69, 0x6c, 0x65, 0x20, 0x28, 0x64, 0x65, 0x6c,
  0x65, 0x74, 0x65, 0x64, 0x2e, 0x6c, 0x65, 0x6e, 0x67, 0x74, 0x68, 0x20,
  0x3e, 0x20, 0x38, 0x29, 0x20, 0x64, 0x65, 0x6c, 0x65, 0x74, 0x65, 0x64,
  0x2e, 0x73, 0x68, 0x69, 0x66, 0x74, 0x28, 0x29, 0x3b, 0x0a, 0x20, 0x20,
  0x73, 0x61, 0x76, 0x65, 0x44, 0x65, 0x6c, 0x65, 0x74, 0x65, 0x64, 0x28,
  0x29, 0x3b, 0x0a, 0x7d, 0x0a, 0x0a, 0x66, 0x75, 0x6e, 0x63, 0x74, 0x69,
  0x6f, 0x6e, 0x20, 0x69, 0x73, 0x45, 0x6e, 0x65, 0x72, 0x67, 0x79, 0x49,
  0x74, 0x65, 0x6d, 0x28, 0x69, 0x74, 0x65, 0x6d, 0x29, 0x20, 0x7b, 0x0a,
  0x20, 0x20, 0x63, 0x6f, 0x6e, 0x73, 0x74, 0x20, 0x69, 0x64, 0x20, 0x3d,
  0x20, 0x53, 0x74, 0x72, 0x69, 0x6e, 0x67, 0x28, 0x69, 0x74, 0x65, 0x6d,
  0x2e, 0x65, 0x6e, 0x74, 0x69, 0x74, 0x79, 0x5f, 0x69, 0x64, 0x20, 0x7c,
  0x7c, 0x20, 0x27, 0x27, 0x29, 0x3b, 0x0a, 0x20, 0x20, 0x63, 0x6f, 0x6e,
  0x73, 0x74, 0x20, 0x64, 0x63, 0x20, 0x3d, 0x20, 0x53, 0x74, 0x72, 0x69,
  0x6e, 0x67, 0x28, 0x28, 0x69, 0x74, 0x65, 0x6d, 0x2e, 0x61, 0x74, 0x74,
  0x72, 0x69, 0x62, 0x75, 0x74, 0x65, 0x73, 0x20, 0x7c, 0x7c, 0x20, 0x7b,
  0x7d, 0x29, 0x2e, 0x64, 0x65, 0x76, 0x69, 0x63, 0x65, 0x5f, 0x63, 0x6c,
  0x61, 0x73, 0x73, 0x20, 0x7c, 0x7c, 0x20, 0x27, 0x27, 0x29, 0x3b, 0x0a,
  0x20, 0x20, 0x69, 0x66, 0x20, 0x28, 0x64, 0x63, 0x20, 0x3d, 0x3d, 0x3d,
  0x20, 0x27, 0x70, 0x6f, 0x77, 0x65, 0x72, 0x27, 0x20, 0x7c, 0x7c, 0x20,
  0x64, 0x63, 0x20, 0x3d, 0x3d, 0x3d, 0x20, 0x27, 0x65, 0x6e, 0x65, 0x72,
  0x67, 0x79, 0x27, 0x20, 0x7c, 0x7c, 0x20, 0x64, 0x63, 0x20, 0x3d, 0x3d,
  0x3d, 0x20, 0x27, 0x76, 0x6f, 0x6c, 0x74, 0x61, 0x67, 0x65, 0x27, 0x20,
  0x7c, 0x7c, 0x0a, 0x20, 0x20, 0x20, 0x20, 0x20, 0x20, 0x64, 0x63, 0x20,
  0x3d, 0x3d, 0x3d, 0x20, 0x27, 0x63, 0x75, 0x72, 0x72, 0x65, 0x6e, 0x74,
  0x27, 0x29, 0x20, 0x7b, 0x0a, 0x20, 0x20, 0x20, 0x20, 0x72, 0x65, 0x74,
  0x75, 0x72, 0x6e, 0x20, 0x74, 0x72, 0x75, 0x65, 0x3b, 0x0a, 0x20, 0x20,
  0x7d, 0x0a, 0x20, 0x20, 0x72, 0x65, 0x74, 0x75, 0x72, 0x6e, 0x20, 0x69,
  0x64, 0x2e, 0x69, 0x6e, 0x64, 0x65, 0x78, 0x4f, 0x66, 0x28, 0x27, 0x73,
  0x65, 0x6e, 0x73, 0x6f, 0x72, 0x2e, 0x65, 0x6c, 0x65, 0x63, 0x74, 0x72,
  0x69, 0x63, 0x27, 0x29, 0x20, 0x3d, 0x3d, 0x3d, 0x20, 0x30, 0x20, 0x7c,
  0x7c, 0x0a, 0x20, 0x20, 0x20, 0x20, 0x20, 0x20, 0x20, 0x20, 0x20, 0x69,
  0x64, 0x2e, 0x69, 0x6e, 0x64, 0x65, 0x78, 0x4f, 0x66, 0x28, 0x27, 0x65,
  0x6e, 0x65, 0x72, 0x67, 0x79, 0x27, 0x29, 0x20, 0x3e, 0x3d, 0x20, 0x30,
  0x20, 0x7c, 0x7c, 0x0a, 0x20, 0x20, 0x20, 0x20, 0x20, 0x20, 0x20, 0x20,
  0x20, 0x69, 0x64, 0x2e, 0x69, 0x6e, 0x64, 0x65, 0x78, 0x4f, 0x66, 0x28,
  0x27, 0x74, 0x65, 0x73, 0x6c, 0x61, 0x5f, 0x77, 0x61, 0x6c, 0x6c, 0x27,
  0x29, 0x20, 0x3e, 0x3d, 0x20, 0x30, 0x3b, 0x0a, 0x7d, 0x0a, 0x0a, 0x66,
  0x75, 0x6e, 0x63, 0x74, 0x69, 0x6f, 0x6e, 0x20, 0x69, 0x73, 0x52, 0x65,
  0x67, 0x69, 0x73, 0x74, 0x65, 0x72, 0x65, 0x64, 0x28, 0x65, 0x6e, 0x74,
  0x69, 0x74, 0x79, 0x49, 0x64, 0x29, 0x20, 0x7b, 0x0a, 0x20, 0x20, 0x6c,
  0x65, 0x74, 0x20, 0x69, 0x3b, 0x0a, 0x20, 0x20, 0x66, 0x6f, 0x72, 0x20,
  0x28, 0x69, 0x20, 0x3d, 0x20, 0x30, 0x3b, 0x20, 0x69, 0x20, 0x3c, 0x20,
  0x73, 0x6c, 0x6f, 0x74, 0x73, 0x2e, 0x6c, 0x65, 0x6e, 0x67, 0x74, 0x68,
  0x3b, 0x20, 0x69, 0x2b, 0x2b, 0x29, 0x20, 0x7b, 0x0a, 0x20, 0x20, 0x20,
  0x20, 0x69, 0x66, 0x20, 0x28, 0x73, 0x6c, 0x6f, 0x74, 0x73, 0x5b, 0x69,
  0x5d, 0x2e, 0x65, 0x6e, 0x74, 0x69, 0x74, 0x79, 0x5f, 0x69, 0x64, 0x20,
  0x3d, 0x3d, 0x3d, 0x20, 0x65, 0x6e, 0x74, 0x69, 0x74, 0x79, 0x49, 0x64,
  0x29, 0x20, 0x72, 0x65, 0x74, 0x75, 0x72, 0x6e, 0x20, 0x74, 0x72, 0x75,
  0x65, 0x3b, 0x0a, 0x20, 0x20, 0x7d, 0x0a, 0x20, 0x20, 0x72, 0x65, 0x74,
  0x75, 0x72, 0x6e, 0x20, 0x66, 0x61, 0x6c, 0x73, 0x65, 0x3b, 0x0a, 0x7d,
  0x0a, 0x0a, 0x66, 0x75, 0x6e, 0x63, 0x74, 0x69, 0x6f, 0x6e, 0x20, 0x66,
  0x69, 0x6e, 0x64, 0x42, 0x79, 0x4b, 0x65, 0x79, 0x28, 0x64, 0x6f, 0x6d,
  0x61, 0x69, 0x6e, 0x2c, 0x20, 0x70, 0x6c, 0x61, 0x74, 0x66, 0x6f, 0x72,
  0x6d, 0x2c, 0x20, 0x75, 0x6e, 0x69, 0x71, 0x75, 0x65, 0x49, 0x64, 0x29,
  0x20, 0x7b, 0x0a, 0x20, 0x20, 0x6c, 0x65, 0x74, 0x20, 0x69, 0x3b, 0x0a,
  0x20, 0x20, 0x66, 0x6f, 0x72, 0x20, 0x28, 0x69, 0x20, 0x3d, 0x20, 0x30,
  0x3b, 0x20, 0x69, 0x20, 0x3c, 0x20, 0x73, 0x6c, 0x6f, 0x74, 0x73, 0x2e,
  0x6c, 0x65, 0x6e, 0x67, 0x74, 0x68, 0x3b, 0x20, 0x69, 0x2b, 0x2b, 0x29,
  0x20, 0x7b, 0x0a, 0x20, 0x20, 0x20, 0x20, 0x69, 0x66, 0x20, 0x28, 0x73,
  0x6c, 0x6f, 0x74, 0x73, 0x5b, 0x69, 0x5d, 0x2e, 0x64, 0x6f, 0x6d, 0x61,
  0x69, 0x6e, 0x20, 0x3d, 0x3d, 0x3d, 0x20, 0x64, 0x6f, 0x6d, 0x61, 0x69,
  0x6e, 0x20, 0x26, 0x26, 0x0a, 0x20, 0x20, 0x20, 0x20, 0x20, 0x20, 0x20,
  0x20, 0x73, 0x6c, 0x6f, 0x74, 0x73, 0x5b, 0x69, 0x5d, 0x2e, 0x70, 0x6c,
  0x61, 0x74, 0x66, 0x6f, 0x72, 0x6d, 0x20, 0x3d, 0x3d, 0x3d, 0x20, 0x70,
  0x6c, 0x61, 0x74, 0x66, 0x6f, 0x72, 0x6d, 0x20, 0x26, 0x26, 0x0a, 0x20,
  0x20, 0x20, 0x20, 0x20, 0x20, 0x20, 0x20, 0x73, 0x6c, 0x6f, 0x74, 0x73,
  0x5b, 0x69, 0x5d, 0x2e, 0x75, 0x6e, 0x69, 0x71, 0x75, 0x65, 0x5f, 0x69,
  0x64, 0x20, 0x3d, 0x3d, 0x3d, 0x20, 0x75, 0x6e, 0x69, 0x71, 0x75, 0x65,
  0x49, 0x64, 0x29, 0x20, 0x7b, 0x0a, 0x20, 0x20, 0x20, 0x20, 0x20, 0x20,
  0x72, 0x65, 0x74, 0x75, 0x72, 0x6e, 0x20, 0x69, 0x3b, 0x0a, 0x20, 0x20,
  0x20, 0x20, 0x7d, 0x0a, 0x20, 0x20, 0x7d, 0x0a, 0x20, 0x20, 0x72, 0x65,
  0x74, 0x75, 0x72, 0x6e, 0x20, 0x2d, 0x31, 0x3b, 0x0a, 0x7d, 0x0a, 0x0a,
  0x66, 0x75, 0x6e, 0x63, 0x74, 0x69, 0x6f, 0x6e, 0x20, 0x67, 0x65, 0x74,
  0x41, 0x76, 0x61, 0x69, 0x6c, 0x61, 0x62, 0x6c, 0x65, 0x45, 0x6e, 0x74,
  0x69, 0x74, 0x79, 0x49, 0x64, 0x28, 0x64, 0x6f, 0x6d, 0x61, 0x69, 0x6e,
  0x2c, 0x20, 0x73, 0x75, 0x67, 0x67, 0x65, 0x73, 0x74, 0x65, 0x64, 0x2c,
  0x20, 0x63, 0x75, 0x72, 0x72, 0x65, 0x6e, 0x74, 0x29, 0x20, 0x7b, 0x0a,
  0x20, 0x20, 0x63, 0x6f, 0x6e, 0x73, 0x74, 0x20, 0x70, 0x72, 0x65, 0x66,
  0x65, 0x72, 0x72, 0x65, 0x64, 0x20, 0x3d, 0x20, 0x64, 0x6f, 0x6d, 0x61,
  0x69, 0x6e, 0x20, 0x2b, 0x20, 0x27, 0x2e, 0x27, 0x20, 0x2b, 0x20, 0x73,
  0x6c, 0x75, 0x67, 0x69, 0x66, 0x79, 0x28, 0x73, 0x75, 0x67, 0x67, 0x65,
  0x73, 0x74, 0x65, 0x64, 0x29, 0x3b, 0x0a, 0x20, 0x20, 0x6c, 0x65, 0x74,
  0x20, 0x74, 0x65, 0x73, 0x74, 0x20, 0x3d, 0x20, 0x70, 0x72, 0x65, 0x66,
  0x65, 0x72, 0x72, 0x65, 0x64, 0x3b, 0x0a, 0x20, 0x20, 0x6c, 0x65, 0x74,
  0x20, 0x6e, 0x20, 0x3d, 0x20, 0x31, 0x3b, 0x0a, 0x20, 0x20, 0x77, 0x68,
  0x69, 0x6c, 0x65, 0x20, 0x28, 0x69, 0x73, 0x52, 0x65, 0x67, 0x69, 0x73,
  0x74, 0x65, 0x72, 0x65, 0x64, 0x28, 0x74, 0x65, 0x73, 0x74, 0x29, 0x20,
  0x26, 0x26, 0x20, 0x74, 0x65, 0x73, 0x74, 0x20, 0x21, 0x3d, 0x3d, 0x20,
  0x63, 0x75, 0x72, 0x72, 0x65, 0x6e, 0x74, 0x29, 0x20, 0x7b, 0x0a, 0x20,
  0x20, 0x20, 0x20, 0x6e, 0x2b, 0x2b, 0x3b, 0x0a, 0x20, 0x20, 0x20, 0x20,
  0x74, 0x65, 0x73, 0x74, 0x20, 0x3d, 0x20, 0x70, 0x72, 0x65, 0x66, 0x65,
  0x72, 0x72, 0x65, 0x64, 0x20, 0x2b, 0x20, 0x27, 0x5f, 0x27, 0x20, 0x2b,
  0x20, 0x6e, 0x3b, 0x0a, 0x20, 0x20, 0x7d, 0x0a, 0x20, 0x20, 0x72, 0x65,
  0x74, 0x75, 0x72, 0x6e, 0x20, 0x74, 0x65, 0x73, 0x74, 0x3b, 0x0a, 0x7d,
  0x0a, 0x0a, 0x66, 0x75, 0x6e, 0x63, 0x74, 0x69, 0x6f, 0x6e, 0x20, 0x67,
  0x65, 0x74, 0x4f, 0x72, 0x43, 0x72, 0x65, 0x61, 0x74, 0x65, 0x28, 0x64,
  0x6f, 0x6d, 0x61, 0x69, 0x6e, 0x2c, 0x20, 0x70, 0x6c, 0x61, 0x74, 0x66,
  0x6f, 0x72, 0x6d, 0x2c, 0x20, 0x75, 0x6e, 0x69, 0x71, 0x75, 0x65, 0x49,
  0x64, 0x2c, 0x20, 0x65, 0x78, 0x74, 0x72, 0x61, 0x73, 0x29, 0x20, 0x7b,
  0x0a, 0x20, 0x20, 0x65, 0x78, 0x74, 0x72, 0x61, 0x73, 0x20, 0x3d, 0x20,
  0x65, 0x78, 0x74, 0x72, 0x61, 0x73, 0x20, 0x7c, 0x7c, 0x20, 0x7b, 0x7d,
  0x3b, 0x0a, 0x20, 0x20, 0x63, 0x6f, 0x6e, 0x73, 0x74, 0x20, 0x68, 0x69,
  0x74, 0x20, 0x3d, 0x20, 0x66, 0x69, 0x6e, 0x64, 0x42, 0x79, 0x4b, 0x65,
  0x79, 0x28, 0x64, 0x6f, 0x6d, 0x61, 0x69, 0x6e, 0x2c, 0x20, 0x70, 0x6c,
  0x61, 0x74, 0x66, 0x6f, 0x72, 0x6d, 0x2c, 0x20, 0x75, 0x6e, 0x69, 0x71,
  0x75, 0x65, 0x49, 0x64, 0x29, 0x3b, 0x0a, 0x20, 0x20, 0x69, 0x66, 0x20,
  0x28, 0x68, 0x69, 0x74, 0x20, 0x3e, 0x3d, 0x20, 0x30, 0x29, 0x20, 0x7b,
  0x0a, 0x20, 0x20, 0x20, 0x20, 0x69, 0x66, 0x20, 0x28, 0x65, 0x78, 0x74,
  0x72, 0x61, 0x73, 0x2e, 0x6e, 0x61, 0x6d, 0x65, 0x29, 0x20, 0x73, 0x6c,
  0x6f, 0x74, 0x73, 0x5b, 0x68, 0x69, 0x74, 0x5d, 0x2e, 0x6e, 0x61, 0x6d,
  0x65, 0x20, 0x3d, 0x20, 0x65, 0x78, 0x74, 0x72, 0x61, 0x73, 0x2e, 0x6e,
  0x61, 0x6d, 0x65, 0x3b, 0x0a, 0x20, 0x20, 0x20, 0x20, 0x69, 0x66, 0x20,
  0x28, 0x65, 0x78, 0x74, 0x72, 0x61, 0x73, 0x2e, 0x6f, 0x72, 0x69, 0x67,
  0x69, 0x6e, 0x61, 0x6c, 0x5f, 0x6e, 0x61, 0x6d, 0x65, 0x29, 0x20, 0x73,
  0x6c, 0x6f, 0x74, 0x73, 0x5b, 0x68, 0x69, 0x74, 0x5d, 0x2e, 0x6f, 0x72,
  0x69, 0x67, 0x69, 0x6e, 0x61, 0x6c, 0x5f, 0x6e, 0x61, 0x6d, 0x65, 0x20,
  0x3d, 0x20, 0x65, 0x78, 0x74, 0x72, 0x61, 0x73, 0x2e, 0x6f, 0x72, 0x69,
  0x67, 0x69, 0x6e, 0x61, 0x6c, 0x5f, 0x6e, 0x61, 0x6d, 0x65, 0x3b, 0x0a,
  0x20, 0x20, 0x20, 0x20, 0x69, 0x66, 0x20, 0x28, 0x65, 0x78, 0x74, 0x72,
  0x61, 0x73, 0x2e, 0x61, 0x72, 0x65, 0x61, 0x5f, 0x69, 0x64, 0x29, 0x20,
  0x73, 0x6c, 0x6f, 0x74, 0x73, 0x5b, 0x68, 0x69, 0x74, 0x5d, 0x2e, 0x61,
  0x72, 0x65, 0x61, 0x5f, 0x69, 0x64, 0x20, 0x3d, 0x20, 0x65, 0x78, 0x74,
  0x72, 0x61, 0x73, 0x2e, 0x61, 0x72, 0x65, 0x61, 0x5f, 0x69, 0x64, 0x3b,
  0x0a, 0x20, 0x20, 0x20, 0x20, 0x69, 0x66, 0x20, 0x28, 0x65, 0x78, 0x74,
  0x72, 0x61, 0x73, 0x2e, 0x64, 0x65, 0x76, 0x69, 0x63, 0x65, 0x5f, 0x69,
  0x64, 0x29, 0x20, 0x73, 0x6c, 0x6f, 0x74, 0x73, 0x5b, 0x68, 0x69, 0x74,
  0x5d, 0x2e, 0x64, 0x65, 0x76, 0x69, 0x63, 0x65, 0x5f, 0x69, 0x64, 0x20,
  0x3d, 0x20, 0x65, 0x78, 0x74, 0x72, 0x61, 0x73, 0x2e, 0x64, 0x65, 0x76,
  0x69, 0x63, 0x65, 0x5f, 0x69, 0x64, 0x3b, 0x0a, 0x20, 0x20, 0x20, 0x20,
  0x72, 0x65, 0x74, 0x75, 0x72, 0x6e, 0x20, 0x73, 0x6c, 0x6f, 0x74, 0x73,
  0x5b, 0x68, 0x69, 0x74, 0x5d, 0x3b, 0x0a, 0x20, 0x20, 0x7d, 0x0a, 0x20,
  0x20, 0x63, 0x6f, 0x6e, 0x73, 0x74, 0x20, 0x74, 0x6f, 0x6d, 0x62, 0x20,
  0x3d, 0x20, 0x66, 0x69, 0x6e, 0x64, 0x44, 0x65, 0x6c, 0x65, 0x74, 0x65,
  0x64, 0x28, 0x64, 0x6f, 0x6d, 0x61, 0x69, 0x6e, 0x2c, 0x20, 0x70, 0x6c,
  0x61, 0x74, 0x66, 0x6f, 0x72, 0x6d, 0x2c, 0x20, 0x75, 0x6e, 0x69, 0x71,
  0x75, 0x65, 0x49, 0x64, 0x29, 0x3b, 0x0a, 0x20, 0x20, 0x6c, 0x65, 0x74,
  0x20, 0x72, 0x65, 0x73, 0x74, 0x6f, 0x72, 0x65, 0x64, 0x20, 0x3d, 0x20,
  0x6e, 0x75, 0x6c, 0x6c, 0x3b, 0x0a, 0x20, 0x20, 0x69, 0x66, 0x20, 0x28,
  0x74, 0x6f, 0x6d, 0x62, 0x20, 0x3e, 0x3d, 0x20, 0x30, 0x29, 0x20, 0x7b,
  0x0a, 0x20, 0x20, 0x20, 0x20, 0x72, 0x65, 0x73, 0x74, 0x6f, 0x72, 0x65,
  0x64, 0x20, 0x3d, 0x20, 0x64, 0x65, 0x6c, 0x65, 0x74, 0x65, 0x64, 0x5b,
  0x74, 0x6f, 0x6d, 0x62, 0x5d, 0x3b, 0x0a, 0x20, 0x20, 0x20, 0x20, 0x64,
  0x65, 0x6c, 0x65, 0x74, 0x65, 0x64, 0x2e, 0x73, 0x70, 0x6c, 0x69, 0x63,
  0x65, 0x28, 0x74, 0x6f, 0x6d, 0x62, 0x2c, 0x20, 0x31, 0x29, 0x3b, 0x0a,
  0x20, 0x20, 0x20, 0x20, 0x73, 0x61, 0x76, 0x65, 0x44, 0x65, 0x6c, 0x65,
  0x74, 0x65, 0x64, 0x28, 0x29, 0x3b, 0x0a, 0x20, 0x20, 0x7d, 0x0a, 0x20,
  0x20, 0x63, 0x6f, 0x6e, 0x73, 0x74, 0x20, 0x73, 0x75, 0x67, 0x67, 0x65,
  0x73, 0x74, 0x65, 0x64, 0x20, 0x3d, 0x20, 0x65, 0x78, 0x74, 0x72, 0x61,
  0x73, 0x2e, 0x73, 0x75, 0x67, 0x67, 0x65, 0x73, 0x74, 0x65, 0x64, 0x5f,
  0x6f, 0x62, 0x6a, 0x65, 0x63, 0x74, 0x5f, 0x69, 0x64, 0x20, 0x7c, 0x7c,
  0x20, 0x75, 0x6e, 0x69, 0x71, 0x75, 0x65, 0x49, 0x64, 0x3b, 0x0a, 0x20,
  0x20, 0x63, 0x6f, 0x6e, 0x73, 0x74, 0x20, 0x77, 0x61, 0x6e, 0x74, 0x65,
  0x64, 0x20, 0x3d, 0x20, 0x72, 0x65, 0x73, 0x74, 0x6f, 0x72, 0x65, 0x64,
  0x20, 0x26, 0x26, 0x20, 0x72, 0x65, 0x73, 0x74, 0x6f, 0x72, 0x65, 0x64,
  0x2e, 0x65, 0x6e, 0x74, 0x69, 0x74, 0x79, 0x5f, 0x69, 0x64, 0x3b, 0x0a,
  0x20, 0x20, 0x63, 0x6f, 0x6e, 0x73, 0x74, 0x20, 0x65, 0x6e, 0x74, 0x72,
  0x79, 0x20, 0x3d, 0x20, 0x7b, 0x0a, 0x20, 0x20, 0x20, 0x20, 0x69, 0x64,
  0x3a, 0x20, 0x72, 0x65, 0x73, 0x74, 0x6f, 0x72, 0x65, 0x64, 0x20, 0x26,
  0x26, 0x20, 0x69, 0x73, 0x55, 0x75, 0x69, 0x64, 0x48, 0x65, 0x78, 0x28,
  0x72, 0x65, 0x73, 0x74, 0x6f, 0x72, 0x65, 0x64, 0x2e, 0x69, 0x64, 0x29,
  0x20, 0x3f, 0x20, 0x72, 0x65, 0x73, 0x74, 0x6f, 0x72, 0x65, 0x64, 0x2e,
  0x69, 0x64, 0x20, 0x3a, 0x20, 0x72, 0x61, 0x6e, 0x64, 0x6f, 0x6d, 0x55,
  0x75, 0x69, 0x64, 0x48, 0x65, 0x78, 0x28, 0x29, 0x2c, 0x0a, 0x20, 0x20,
  0x20, 0x20, 0x65, 0x6e, 0x74, 0x69, 0x74, 0x79, 0x5f, 0x69, 0x64, 0x3a,
  0x20, 0x77, 0x61, 0x6e, 0x74, 0x65, 0x64, 0x20, 0x26, 0x26, 0x20, 0x21,
  0x69, 0x73, 0x52, 0x65, 0x67, 0x69, 0x73, 0x74, 0x65, 0x72, 0x65, 0x64,
  0x28, 0x77, 0x61, 0x6e, 0x74, 0x65, 0x64, 0x29, 0x20, 0x3f, 0x0a, 0x20,
  0x20, 0x20, 0x20, 0x20, 0x20, 0x20, 0x20, 0x20, 0x20, 0x20, 0x20, 0x20,
  0x20, 0x20, 0x77, 0x61, 0x6e, 0x74, 0x65, 0x64, 0x20, 0x3a, 0x20, 0x67,
  0x65, 0x74, 0x41, 0x76, 0x61, 0x69, 0x6c, 0x61, 0x62, 0x6c, 0x65, 0x45,
  0x6e, 0x74, 0x69, 0x74, 0x79, 0x49, 0x64, 0x28, 0x64, 0x6f, 0x6d, 0x61,
  0x69, 0x6e, 0x2c, 0x20, 0x73, 0x75, 0x67, 0x67, 0x65, 0x73, 0x74, 0x65,
  0x64, 0x2c, 0x20, 0x6e, 0x75, 0x6c, 0x6c, 0x29, 0x2c, 0x0a, 0x20, 0x20,
  0x20, 0x20, 0x75, 0x6e, 0x69, 0x71, 0x75, 0x65, 0x5f, 0x69, 0x64, 0x3a,
  0x20, 0x53, 0x74, 0x72, 0x69, 0x6e, 0x67, 0x28, 0x75, 0x6e, 0x69, 0x71,
  0x75, 0x65, 0x49, 0x64, 0x29, 0x2c, 0x0a, 0x20, 0x20, 0x20, 0x20, 0x70,
  0x6c, 0x61, 0x74, 0x66, 0x6f, 0x72, 0x6d, 0x3a, 0x20, 0x73, 0x6c, 0x75,
  0x67, 0x69, 0x66, 0x79, 0x28, 0x70, 0x6c, 0x61, 0x74, 0x66, 0x6f, 0x72,
  0x6d, 0x20, 0x7c, 0x7c, 0x20, 0x27, 0x68, 0x75, 0x62, 0x27, 0x29, 0x2c,
  0x0a, 0x20, 0x20, 0x20, 0x20, 0x64, 0x6f, 0x6d, 0x61, 0x69, 0x6e, 0x3a,
  0x20, 0x64, 0x6f, 0x6d, 0x61, 0x69, 0x6e, 0x2c, 0x0a, 0x20, 0x20, 0x20,
  0x20, 0x6e, 0x61, 0x6d, 0x65, 0x3a, 0x20, 0x65, 0x78, 0x74, 0x72, 0x61,
  0x73, 0x2e, 0x6e, 0x61, 0x6d, 0x65, 0x20, 0x7c, 0x7c, 0x20, 0x28, 0x72,
  0x65, 0x73, 0x74, 0x6f, 0x72, 0x65, 0x64, 0x20, 0x26, 0x26, 0x20, 0x72,
  0x65, 0x73, 0x74, 0x6f, 0x72, 0x65, 0x64, 0x2e, 0x6e, 0x61, 0x6d, 0x65,
  0x29, 0x20, 0x7c, 0x7c, 0x20, 0x6e, 0x75, 0x6c, 0x6c, 0x2c, 0x0a, 0x20,
  0x20, 0x20, 0x20, 0x6f, 0x72, 0x69, 0x67, 0x69, 0x6e, 0x61, 0x6c, 0x5f,
  0x6e, 0x61, 0x6d, 0x65, 0x3a, 0x20, 0x65, 0x78, 0x74, 0x72, 0x61, 0x73,
  0x2e, 0x6f, 0x72, 0x69, 0x67, 0x69, 0x6e, 0x61, 0x6c, 0x5f, 0x6e, 0x61,
  0x6d, 0x65, 0x20, 0x7c, 0x7c, 0x20, 0x65, 0x78, 0x74, 0x72, 0x61, 0x73,
  0x2e, 0x6e, 0x61, 0x6d, 0x65, 0x20, 0x7c, 0x7c, 0x0a, 0x20, 0x20, 0x20,
  0x20, 0x20, 0x20, 0x20, 0x20, 0x20, 0x20, 0x20, 0x20, 0x20, 0x20, 0x20,
  0x20, 0x20, 0x20, 0x20, 0x28, 0x72, 0x65, 0x73, 0x74, 0x6f, 0x72, 0x65,
  0x64, 0x20, 0x26, 0x26, 0x20, 0x72, 0x65, 0x73, 0x74, 0x6f, 0x72, 0x65,
  0x64, 0x2e, 0x6f, 0x72, 0x69, 0x67, 0x69, 0x6e, 0x61, 0x6c, 0x5f, 0x6e,
  0x61, 0x6d, 0x65, 0x29, 0x20, 0x7c, 0x7c, 0x20, 0x6e, 0x75, 0x6c, 0x6c,
  0x2c, 0x0a, 0x20, 0x20, 0x20, 0x20, 0x64, 0x65, 0x76, 0x69, 0x63, 0x65,
  0x5f, 0x69, 0x64, 0x3a, 0x20, 0x65, 0x78, 0x74, 0x72, 0x61, 0x73, 0x2e,
  0x64, 0x65, 0x76, 0x69, 0x63, 0x65, 0x5f, 0x69, 0x64, 0x20, 0x7c, 0x7c,
  0x20, 0x6e, 0x75, 0x6c, 0x6c, 0x2c, 0x0a, 0x20, 0x20, 0x20, 0x20, 0x61,
  0x72, 0x65, 0x61, 0x5f, 0x69, 0x64, 0x3a, 0x20, 0x65, 0x78, 0x74, 0x72,
  0x61, 0x73, 0x2e, 0x61, 0x72, 0x65, 0x61, 0x5f, 0x69, 0x64, 0x20, 0x7c,
  0x7c, 0x20, 0x28, 0x72, 0x65, 0x73, 0x74, 0x6f, 0x72, 0x65, 0x64, 0x20,
  0x26, 0x26, 0x20, 0x72, 0x65, 0x73, 0x74, 0x6f, 0x72, 0x65, 0x64, 0x2e,
  0x61, 0x72, 0x65, 0x61, 0x5f, 0x69, 0x64, 0x29, 0x20, 0x7c, 0x7c, 0x20,
  0x6e, 0x75, 0x6c, 0x6c, 0x0a, 0x20, 0x20, 0x7d, 0x3b, 0x0a, 0x20, 0x20,
  0x73, 0x6c, 0x6f, 0x74, 0x73, 0x2e, 0x70, 0x75, 0x73, 0x68, 0x28, 0x65,
  0x6e, 0x74, 0x72, 0x79, 0x29, 0x3b, 0x0a, 0x20, 0x20, 0x72, 0x65, 0x74,
  0x75, 0x72, 0x6e, 0x20, 0x65, 0x6e, 0x74, 0x72, 0x79, 0x3b, 0x0a, 0x7d,
  0x0a, 0x0a, 0x66, 0x75, 0x6e, 0x63, 0x74, 0x69, 0x6f, 0x6e, 0x20, 0x77,
  0x72, 0x69, 0x74, 0x65, 0x55, 0x6e, 0x61, 0x76, 0x61, 0x69, 0x6c, 0x61,
  0x62, 0x6c, 0x65, 0x28, 0x73, 0x6c, 0x6f, 0x74, 0x29, 0x20, 0x7b, 0x0a,
  0x20, 0x20, 0x63, 0x6f, 0x6e, 0x73, 0x74, 0x20, 0x61, 0x74, 0x74, 0x72,
  0x73, 0x20, 0x3d, 0x20, 0x7b, 0x20, 0x72, 0x65, 0x73, 0x74, 0x6f, 0x72,
  0x65, 0x64, 0x3a, 0x20, 0x74, 0x72, 0x75, 0x65, 0x20, 0x7d, 0x3b, 0x0a,
  0x20, 0x20, 0x63, 0x6f, 0x6e, 0x73, 0x74, 0x20, 0x6e, 0x61, 0x6d, 0x65,
  0x20, 0x3d, 0x20, 0x73, 0x6c, 0x6f, 0x74, 0x2e, 0x6e, 0x61, 0x6d, 0x65,
  0x20, 0x7c, 0x7c, 0x20, 0x73, 0x6c, 0x6f, 0x74, 0x2e, 0x6f, 0x72, 0x69,
  0x67, 0x69, 0x6e, 0x61, 0x6c, 0x5f, 0x6e, 0x61, 0x6d, 0x65, 0x3b, 0x0a,
  0x20, 0x20, 0x69, 0x66, 0x20, 0x28, 0x6e, 0x61, 0x6d, 0x65, 0x29, 0x20,
  0x61, 0x74, 0x74, 0x72, 0x73, 0x2e, 0x66, 0x72, 0x69, 0x65, 0x6e, 0x64,
  0x6c, 0x79, 0x5f, 0x6e, 0x61, 0x6d, 0x65, 0x20, 0x3d, 0x20, 0x6e, 0x61,
  0x6d, 0x65, 0x3b, 0x0a, 0x20, 0x20, 0x72, 0x65, 0x74, 0x75, 0x72, 0x6e,
  0x20, 0x7b, 0x0a, 0x20, 0x20, 0x20, 0x20, 0x65, 0x6e, 0x74, 0x69, 0x74,
  0x79, 0x5f, 0x69, 0x64, 0x3a, 0x20, 0x73, 0x6c, 0x6f, 0x74, 0x2e, 0x65,
  0x6e, 0x74, 0x69, 0x74, 0x79, 0x5f, 0x69, 0x64, 0x2c, 0x0a, 0x20, 0x20,
  0x20, 0x20, 0x73, 0x74, 0x61, 0x74, 0x65, 0x3a, 0x20, 0x27, 0x75, 0x6e,
  0x61, 0x76, 0x61, 0x69, 0x6c, 0x61, 0x62, 0x6c, 0x65, 0x27, 0x2c, 0x0a,
  0x20, 0x20, 0x20, 0x20, 0x61, 0x74, 0x74, 0x72, 0x69, 0x62, 0x75, 0x74,
  0x65, 0x73, 0x3a, 0x20, 0x61, 0x74, 0x74, 0x72, 0x73, 0x0a, 0x20, 0x20,
  0x7d, 0x3b, 0x0a, 0x7d, 0x0a, 0x0a, 0x69, 0x66, 0x20, 0x28, 0x73, 0x6c,
  0x6f, 0x74, 0x73, 0x2e, 0x6c, 0x65, 0x6e, 0x67, 0x74, 0x68, 0x29, 0x20,
  0x7b, 0x0a, 0x20, 0x20, 0x73, 0x6c, 0x6f, 0x74, 0x73, 0x20, 0x3d, 0x20,
  0x73, 0x6c, 0x6f, 0x74, 0x73, 0x2e, 0x6d, 0x61, 0x70, 0x28, 0x66, 0x75,
  0x6e, 0x63, 0x74, 0x69, 0x6f, 0x6e, 0x20, 0x28, 0x69, 0x74, 0x65, 0x6d,
  0x2c, 0x20, 0x69, 0x29, 0x20, 0x7b, 0x20, 0x72, 0x65, 0x74, 0x75, 0x72,
  0x6e, 0x20, 0x6e, 0x6f, 0x72, 0x6d, 0x61, 0x6c, 0x69, 0x7a, 0x65, 0x45,
  0x6e, 0x74, 0x72, 0x79, 0x28, 0x69, 0x74, 0x65, 0x6d, 0x2c, 0x20, 0x69,
  0x29, 0x3b, 0x20, 0x7d, 0x29, 0x3b, 0x0a, 0x20, 0x20, 0x73, 0x61, 0x76,
  0x65, 0x53, 0x6c, 0x6f, 0x74, 0x73, 0x28, 0x29, 0x3b, 0x0a, 0x7d, 0x0a,
  0x0a, 0x66, 0x75, 0x6e, 0x63, 0x74, 0x69, 0x6f, 0x6e, 0x20, 0x61, 0x70,
  0x70, 0x6c, 0x79, 0x53, 0x6c, 0x6f, 0x74, 0x73, 0x28, 0x6c, 0x69, 0x73,
  0x74, 0x29, 0x20, 0x7b, 0x0a, 0x20, 0x20, 0x63, 0x61, 0x74, 0x61, 0x6c,
  0x6f, 0x67, 0x20, 0x3d, 0x20, 0x41, 0x72, 0x72, 0x61, 0x79, 0x2e, 0x69,
  0x73, 0x41, 0x72, 0x72, 0x61, 0x79, 0x28, 0x6c, 0x69, 0x73, 0x74, 0x29,
  0x20, 0x3f, 0x20, 0x6c, 0x69, 0x73, 0x74, 0x20, 0x3a, 0x20, 0x5b, 0x5d,
  0x3b, 0x0a, 0x20, 0x20, 0x69, 0x66, 0x20, 0x28, 0x73, 0x6c, 0x6f, 0x74,
  0x73, 0x2e, 0x6c, 0x65, 0x6e, 0x67, 0x74, 0x68, 0x29, 0x20, 0x7b, 0x0a,
  0x20, 0x20, 0x20, 0x20, 0x73, 0x6c, 0x6f, 0x74, 0x73, 0x20, 0x3d, 0x20,
  0x73, 0x6c, 0x6f, 0x74, 0x73, 0x2e, 0x6d, 0x61, 0x70, 0x28, 0x66, 0x75,
  0x6e, 0x63, 0x74, 0x69, 0x6f, 0x6e, 0x20, 0x28, 0x69, 0x74, 0x65, 0x6d,
  0x2c, 0x20, 0x69, 0x29, 0x20, 0x7b, 0x20, 0x72, 0x65, 0x74, 0x75, 0x72,
  0x6e, 0x20, 0x6e, 0x6f, 0x72, 0x6d, 0x61, 0x6c, 0x69, 0x7a, 0x65, 0x45,
  0x6e, 0x74, 0x72, 0x79, 0x28, 0x69, 0x74, 0x65, 0x6d, 0x2c, 0x20, 0x69,
  0x29, 0x3b, 0x20, 0x7d, 0x29, 0x3b, 0x0a, 0x20, 0x20, 0x7d, 0x20, 0x65,
  0x6c, 0x73, 0x65, 0x20, 0x69, 0x66, 0x20, 0x28, 0x63, 0x61, 0x74, 0x61,
  0x6c, 0x6f, 0x67, 0x2e, 0x6c, 0x65, 0x6e, 0x67, 0x74, 0x68, 0x29, 0x20,
  0x7b, 0x0a, 0x20, 0x20, 0x20, 0x20, 0x63, 0x6f, 0x6e, 0x73, 0x74, 0x20,
  0x6e, 0x20, 0x3d, 0x20, 0x63, 0x61, 0x74, 0x61, 0x6c, 0x6f, 0x67, 0x2e,
  0x6c, 0x65, 0x6e, 0x67, 0x74, 0x68, 0x20, 0x3c, 0x20, 0x38, 0x20, 0x3f,
  0x20, 0x63, 0x61, 0x74, 0x61, 0x6c, 0x6f, 0x67, 0x2e, 0x6c, 0x65, 0x6e,
  0x67, 0x74, 0x68, 0x20, 0x3a, 0x20, 0x38, 0x3b, 0x0a, 0x20, 0x20, 0x20,
  0x20, 0x6c, 0x65, 0x74, 0x20, 0x69, 0x3b, 0x0a, 0x20, 0x20, 0x20, 0x20,
  0x66, 0x6f, 0x72, 0x20, 0x28, 0x69, 0x20, 0x3d, 0x20, 0x30, 0x3b, 0x20,
  0x69, 0x20, 0x3c, 0x20, 0x6e, 0x3b, 0x20, 0x69, 0x2b, 0x2b, 0x29, 0x20,
  0x7b, 0x0a, 0x20, 0x20, 0x20, 0x20, 0x20, 0x20, 0x63, 0x6f, 0x6e, 0x73,
  0x74, 0x20, 0x69, 0x74, 0x65, 0x6d, 0x20, 0x3d, 0x20, 0x63, 0x61, 0x74,
  0x61, 0x6c, 0x6f, 0x67, 0x5b, 0x69, 0x5d, 0x3b, 0x0a, 0x20, 0x20, 0x20,
  0x20, 0x20, 0x20, 0x63, 0x6f, 0x6e, 0x73, 0x74, 0x20, 0x65, 0x6e, 0x74,
  0x69, 0x74, 0x79, 0x49, 0x64, 0x20, 0x3d, 0x20, 0x6e, 0x6f, 0x72, 0x6d,
  0x61, 0x6c, 0x69, 0x7a, 0x65, 0x45, 0x6e, 0x74, 0x69, 0x74, 0x79, 0x49,
  0x64, 0x28, 0x69, 0x74, 0x65, 0x6d, 0x2e, 0x65, 0x6e, 0x74, 0x69, 0x74,
  0x79, 0x5f, 0x69, 0x64, 0x29, 0x3b, 0x0a, 0x20, 0x20, 0x20, 0x20, 0x20,
  0x20, 0x63, 0x6f, 0x6e, 0x73, 0x74, 0x20, 0x70, 0x61, 0x72, 0x74, 0x73,
  0x20, 0x3d, 0x20, 0x73, 0x70, 0x6c, 0x69, 0x74, 0x45, 0x6e, 0x74, 0x69,
  0x74, 0x79, 0x49, 0x64, 0x28, 0x65, 0x6e, 0x74, 0x69, 0x74, 0x79, 0x49,
  0x64, 0x29, 0x3b, 0x0a, 0x20, 0x20, 0x20, 0x20, 0x20, 0x20, 0x69, 0x66,
  0x20, 0x28, 0x21, 0x70, 0x61, 0x72, 0x74, 0x73, 0x29, 0x20, 0x63, 0x6f,
  0x6e, 0x74, 0x69, 0x6e, 0x75, 0x65, 0x3b, 0x0a, 0x20, 0x20, 0x20, 0x20,
  0x20, 0x20, 0x63, 0x6f, 0x6e, 0x73, 0x74, 0x20, 0x61, 0x74, 0x74, 0x72,
  0x73, 0x20, 0x3d, 0x20, 0x69, 0x74, 0x65, 0x6d, 0x2e, 0x61, 0x74, 0x74,
  0x72, 0x69, 0x62, 0x75, 0x74, 0x65, 0x73, 0x20, 0x7c, 0x7c, 0x20, 0x7b,
  0x7d, 0x3b, 0x0a, 0x20, 0x20, 0x20, 0x20, 0x20, 0x20, 0x67, 0x65, 0x74,
  0x4f, 0x72, 0x43, 0x72, 0x65, 0x61, 0x74, 0x65, 0x28, 0x70, 0x61, 0x72,
  0x74, 0x73, 0x5b, 0x30, 0x5d, 0x2c, 0x20, 0x27, 0x68, 0x75, 0x62, 0x27,
  0x2c, 0x20, 0x70, 0x61, 0x72, 0x74, 0x73, 0x5b, 0x31, 0x5d, 0x2c, 0x20,
  0x7b, 0x0a, 0x20, 0x20, 0x20, 0x20, 0x20, 0x20, 0x20, 0x20, 0x73, 0x75,
  0x67, 0x67, 0x65, 0x73, 0x74, 0x65, 0x64, 0x5f, 0x6f, 0x62, 0x6a, 0x65,
  0x63, 0x74, 0x5f, 0x69, 0x64, 0x3a, 0x20, 0x70, 0x61, 0x72, 0x74, 0x73,
  0x5b, 0x31, 0x5d, 0x2c, 0x0a, 0x20, 0x20, 0x20, 0x20, 0x20, 0x20, 0x20,
  0x20, 0x6e, 0x61, 0x6d, 0x65, 0x3a, 0x20, 0x61, 0x74, 0x74, 0x72, 0x73,
  0x2e, 0x66, 0x72, 0x69, 0x65, 0x6e, 0x64, 0x6c, 0x79, 0x5f, 0x6e, 0x61,
  0x6d, 0x65, 0x20, 0x7c, 0x7c, 0x20, 0x70, 0x61, 0x72, 0x74, 0x73, 0x5b,
  0x31, 0x5d, 0x2c, 0x0a, 0x20, 0x20, 0x20, 0x20, 0x20, 0x20, 0x20, 0x20,
  0x6f, 0x72, 0x69, 0x67, 0x69, 0x6e, 0x61, 0x6c, 0x5f, 0x6e, 0x61, 0x6d,
  0x65, 0x3a, 0x20, 0x61, 0x74, 0x74, 0x72, 0x73, 0x2e, 0x66, 0x72, 0x69,
  0x65, 0x6e, 0x64, 0x6c, 0x79, 0x5f, 0x6e, 0x61, 0x6d, 0x65, 0x20, 0x7c,
  0x7c, 0x20, 0x70, 0x61, 0x72, 0x74, 0x73, 0x5b, 0x31, 0x5d, 0x2c, 0x0a,
  0x20, 0x20, 0x20, 0x20, 0x20, 0x20, 0x20, 0x20, 0x61, 0x72, 0x65, 0x61,
  0x5f, 0x69, 0x64, 0x3a, 0x20, 0x61, 0x74, 0x74, 0x72, 0x73, 0x2e, 0x61,
  0x72, 0x65, 0x61, 0x5f, 0x69, 0x64, 0x20, 0x7c, 0x7c, 0x20, 0x6e, 0x75,
  0x6c, 0x6c, 0x0a, 0x20, 0x20, 0x20, 0x20, 0x20, 0x20, 0x7d, 0x29, 0x3b,
  0x0a, 0x20, 0x20, 0x20, 0x20, 0x7d, 0x0a, 0x20, 0x20, 0x7d, 0x0a, 0x20,
  0x20, 0x69, 0x66, 0x20, 0x28, 0x63, 0x61, 0x74, 0x61, 0x6c, 0x6f, 0x67,
  0x2e, 0x6c, 0x65, 0x6e, 0x67, 0x74, 0x68, 0x29, 0x20, 0x7b, 0x0a, 0x20,
  0x20, 0x20, 0x20, 0x6c, 0x65, 0x74, 0x20, 0x65, 0x78, 0x74, 0x72, 0x61,
  0x20, 0x3d, 0x20, 0x30, 0x3b, 0x0a, 0x20, 0x20, 0x20, 0x20, 0x6c, 0x65,
  0x74, 0x20, 0x69, 0x3b, 0x0a, 0x20, 0x20, 0x20, 0x20, 0x66, 0x6f, 0x72,
  0x20, 0x28, 0x69, 0x20, 0x3d, 0x20, 0x30, 0x3b, 0x20, 0x69, 0x20, 0x3c,
  0x20, 0x63, 0x61, 0x74, 0x61, 0x6c, 0x6f, 0x67, 0x2e, 0x6c, 0x65, 0x6e,
  0x67, 0x74, 0x68, 0x20, 0x26, 0x26, 0x20, 0x65, 0x78, 0x74, 0x72, 0x61,
  0x20, 0x3c, 0x20, 0x34, 0x3b, 0x20, 0x69, 0x2b, 0x2b, 0x29, 0x20, 0x7b,
  0x0a, 0x20, 0x20, 0x20, 0x20, 0x20, 0x20, 0x63, 0x6f, 0x6e, 0x73, 0x74,
  0x20, 0x69, 0x74, 0x65, 0x6d, 0x20, 0x3d, 0x20, 0x63, 0x61, 0x74, 0x61,
  0x6c, 0x6f, 0x67, 0x5b, 0x69, 0x5d, 0x3b, 0x0a, 0x20, 0x20, 0x20, 0x20,
  0x20, 0x20, 0x69, 0x66, 0x20, 0x28, 0x21, 0x69, 0x73, 0x45, 0x6e, 0x65,
  0x72, 0x67, 0x79, 0x49, 0x74, 0x65, 0x6d, 0x28, 0x69, 0x74, 0x65, 0x6d,
  0x29, 0x29, 0x20, 0x63, 0x6f, 0x6e, 0x74, 0x69, 0x6e, 0x75, 0x65, 0x3b,
  0x0a, 0x20, 0x20, 0x20, 0x20, 0x20, 0x20, 0x63, 0x6f, 0x6e, 0x73, 0x74,
  0x20, 0x65, 0x6e, 0x74, 0x69, 0x74, 0x79, 0x49, 0x64, 0x20, 0x3d, 0x20,
  0x6e, 0x6f, 0x72, 0x6d, 0x61, 0x6c, 0x69, 0x7a, 0x65, 0x45, 0x6e, 0x74,
  0x69, 0x74, 0x79, 0x49, 0x64, 0x28, 0x69, 0x74, 0x65, 0x6d, 0x2e, 0x65,
  0x6e, 0x74, 0x69, 0x74, 0x79, 0x5f, 0x69, 0x64, 0x29, 0x3b, 0x0a, 0x20,
  0x20, 0x20, 0x20, 0x20, 0x20, 0x63, 0x6f, 0x6e, 0x73, 0x74, 0x20, 0x70,
  0x61, 0x72, 0x74, 0x73, 0x20, 0x3d, 0x20, 0x73, 0x70, 0x6c, 0x69, 0x74,
  0x45, 0x6e, 0x74, 0x69, 0x74, 0x79, 0x49, 0x64, 0x28, 0x65, 0x6e, 0x74,
  0x69, 0x74, 0x79, 0x49, 0x64, 0x29, 0x3b, 0x0a, 0x20, 0x20, 0x20, 0x20,
  0x20, 0x20, 0x69, 0x66, 0x20, 0x28, 0x21, 0x70, 0x61, 0x72, 0x74, 0x73,
  0x20, 0x7c, 0x7c, 0x20, 0x69, 0x73, 0x52, 0x65, 0x67, 0x69, 0x73, 0x74,
  0x65, 0x72, 0x65, 0x64, 0x28, 0x65, 0x6e, 0x74, 0x69, 0x74, 0x79, 0x49,
  0x64, 0x29, 0x29, 0x20, 0x63, 0x6f, 0x6e, 0x74, 0x69, 0x6e, 0x75, 0x65,
  0x3b, 0x0a, 0x20, 0x20, 0x20, 0x20, 0x20, 0x20, 0x63, 0x6f, 0x6e, 0x73,
  0x74, 0x20, 0x61, 0x74, 0x74, 0x72, 0x73, 0x20, 0x3d, 0x20, 0x69, 0x74,
  0x65, 0x6d, 0x2e, 0x61, 0x74, 0x74, 0x72, 0x69, 0x62, 0x75, 0x74, 0x65,
  0x73, 0x20, 0x7c, 0x7c, 0x20, 0x7b, 0x7d, 0x3b, 0x0a, 0x20, 0x20, 0x20,
  0x20, 0x20, 0x20, 0x67, 0x65, 0x74, 0x4f, 0x72, 0x43, 0x72, 0x65, 0x61,
  0x74, 0x65, 0x28, 0x70, 0x61, 0x72, 0x74, 0x73, 0x5b, 0x30, 0x5d, 0x2c,
  0x20, 0x27, 0x68, 0x75, 0x62, 0x27, 0x2c, 0x20, 0x70, 0x61, 0x72, 0x74,
  0x73, 0x5b, 0x31, 0x5d, 0x2c, 0x20, 0x7b, 0x0a, 0x20, 0x20, 0x20, 0x20,
  0x20, 0x20, 0x20, 0x20, 0x73, 0x75, 0x67, 0x67, 0x65, 0x73, 0x74, 0x65,
  0x64, 0x5f, 0x6f, 0x62, 0x6a, 0x65, 0x63, 0x74, 0x5f, 0x69, 0x64, 0x3a,
  0x20, 0x70, 0x61, 0x72, 0x74, 0x73, 0x5b, 0x31, 0x5d, 0x2c, 0x0a, 0x20,
  0x20, 0x20, 0x20, 0x20, 0x20, 0x20, 0x20, 0x6e, 0x61, 0x6d, 0x65, 0x3a,
  0x20, 0x61, 0x74, 0x74, 0x72, 0x73, 0x2e, 0x66, 0x72, 0x69, 0x65, 0x6e,
  0x64, 0x6c, 0x79, 0x5f, 0x6e, 0x61, 0x6d, 0x65, 0x20, 0x7c, 0x7c, 0x20,
  0x70, 0x61, 0x72, 0x74, 0x73, 0x5b, 0x31, 0x5d, 0x2c, 0x0a, 0x20, 0x20,
  0x20, 0x20, 0x20, 0x20, 0x20, 0x20, 0x6f, 0x72, 0x69, 0x67, 0x69, 0x6e,
  0x61, 0x6c, 0x5f, 0x6e, 0x61, 0x6d, 0x65, 0x3a, 0x20, 0x61, 0x74, 0x74,
  0x72, 0x73, 0x2e, 0x66, 0x72, 0x69, 0x65, 0x6e, 0x64, 0x6c, 0x79, 0x5f,
  0x6e, 0x61, 0x6d, 0x65, 0x20, 0x7c, 0x7c, 0x20, 0x70, 0x61, 0x72, 0x74,
  0x73, 0x5b, 0x31, 0x5d, 0x2c, 0x0a, 0x20, 0x20, 0x20, 0x20, 0x20, 0x20,
  0x20, 0x20, 0x61, 0x72, 0x65, 0x61, 0x5f, 0x69, 0x64, 0x3a, 0x20, 0x61,
  0x74, 0x74, 0x72, 0x73, 0x2e, 0x61, 0x72, 0x65, 0x61, 0x5f, 0x69, 0x64,
  0x20, 0x7c, 0x7c, 0x20, 0x27, 0xe8, 0x83, 0xbd, 0xe6, 0xba, 0x90, 0x27,
  0x0a, 0x20, 0x20, 0x20, 0x20, 0x20, 0x20, 0x7d, 0x29, 0x3b, 0x0a, 0x20,
  0x20, 0x20, 0x20, 0x20, 0x20, 0x65, 0x78, 0x74, 0x72, 0x61, 0x2b, 0x2b,
  0x3b, 0x0a, 0x20, 0x20, 0x20, 0x20, 0x7d, 0x0a, 0x20, 0x20, 0x7d, 0x0a,
  0x20, 0x20, 0x73, 0x61, 0x76, 0x65, 0x53, 0x6c, 0x6f, 0x74, 0x73, 0x28,
  0x29, 0x3b, 0x0a, 0x20, 0x20, 0x65, 0x6e, 0x74, 0x69, 0x74, 0x69, 0x65,
  0x73, 0x20, 0x3d, 0x20, 0x73, 0x6c, 0x6f, 0x74, 0x73, 0x2e, 0x6d, 0x61,
  0x70, 0x28, 0x66, 0x75, 0x6e, 0x63, 0x74, 0x69, 0x6f, 0x6e, 0x20, 0x28,
  0x73, 0x6c, 0x6f, 0x74, 0x29, 0x20, 0x7b, 0x0a, 0x20, 0x20, 0x20, 0x20,
  0x6c, 0x65, 0x74, 0x20, 0x68, 0x69, 0x74, 0x20, 0x3d, 0x20, 0x6e, 0x75,
  0x6c, 0x6c, 0x3b, 0x0a, 0x20, 0x20, 0x20, 0x20, 0x6c, 0x65, 0x74, 0x20,
  0x6a, 0x3b, 0x0a, 0x20, 0x20, 0x20, 0x20, 0x66, 0x6f, 0x72, 0x20, 0x28,
  0x6a, 0x20, 0x3d, 0x20, 0x30, 0x3b, 0x20, 0x6a, 0x20, 0x3c, 0x20, 0x63,
  0x61, 0x74, 0x61, 0x6c, 0x6f, 0x67, 0x2e, 0x6c, 0x65, 0x6e, 0x67, 0x74,
  0x68, 0x3b, 0x20, 0x6a, 0x2b, 0x2b, 0x29, 0x20, 0x7b, 0x0a, 0x20, 0x20,
  0x20, 0x20, 0x20, 0x20, 0x69, 0x66, 0x20, 0x28, 0x63, 0x61, 0x74, 0x61,
  0x6c, 0x6f, 0x67, 0x5b, 0x6a, 0x5d, 0x2e, 0x65, 0x6e, 0x74, 0x69, 0x74,
  0x79, 0x5f, 0x69, 0x64, 0x20, 0x3d, 0x3d, 0x3d, 0x20, 0x73, 0x6c, 0x6f,
  0x74, 0x2e, 0x65, 0x6e, 0x74, 0x69, 0x74, 0x79, 0x5f, 0x69, 0x64, 0x29,
  0x20, 0x7b, 0x0a, 0x20, 0x20, 0x20, 0x20, 0x20, 0x20, 0x20, 0x20, 0x68,
  0x69, 0x74, 0x20, 0x3d, 0x20, 0x63, 0x61, 0x74, 0x61, 0x6c, 0x6f, 0x67,
  0x5b, 0x6a, 0x5d, 0x3b, 0x0a, 0x20, 0x20, 0x20, 0x20, 0x20, 0x20, 0x20,
  0x20, 0x62, 0x72, 0x65, 0x61, 0x6b, 0x3b, 0x0a, 0x20, 0x20, 0x20, 0x20,
  0x20, 0x20, 0x7d, 0x0a, 0x20, 0x20, 0x20, 0x20, 0x7d, 0x0a, 0x20, 0x20,
  0x20, 0x20, 0x72, 0x65, 0x74, 0x75, 0x72, 0x6e, 0x20, 0x68, 0x69, 0x74,
  0x20, 0x7c, 0x7c, 0x20, 0x77, 0x72, 0x69, 0x74, 0x65, 0x55, 0x6e, 0x61,
  0x76, 0x61, 0x69, 0x6c, 0x61, 0x62, 0x6c, 0x65, 0x28, 0x73, 0x6c, 0x6f,
  0x74, 0x29, 0x3b, 0x0a, 0x20, 0x20, 0x7d, 0x29, 0x3b, 0x0a, 0x7d, 0x0a,
  0x0a, 0x75, 0x69, 0x2e, 0x62, 0x61, 0x63, 0x6b, 0x67, 0x72, 0x6f, 0x75,
  0x6e, 0x64, 0x28, 0x48, 0x55, 0x42, 0x5f, 0x42, 0x47, 0x29, 0x3b, 0x0a,
  0x63, 0x6f, 0x6e, 0x73, 0x74, 0x20, 0x64, 0x61, 0x74, 0x65, 0x4c, 0x61,
  0x62, 0x65, 0x6c, 0x20, 0x3d, 0x20, 0x75, 0x69, 0x2e, 0x74, 0x65, 0x78,
  0x74, 0x28, 0x27, 0xe5, 0xae, 0xb6, 0x27, 0x2c, 0x20, 0x50, 0x41, 0x44,
  0x2c, 0x20, 0x31, 0x36, 0x2c, 0x20, 0x32, 0x32, 0x2c, 0x20, 0x48, 0x55,
  0x42, 0x5f, 0x54, 0x45, 0x58, 0x54, 0x29, 0x3b, 0x0a, 0x63, 0x6f, 0x6e,
  0x73, 0x74, 0x20, 0x63, 0x6c, 0x6f, 0x63, 0x6b, 0x4c, 0x61, 0x62, 0x65,
  0x6c, 0x20, 0x3d, 0x20, 0x75, 0x69, 0x2e, 0x74, 0x65, 0x78, 0x74, 0x28,
  0x27, 0x27, 0x2c, 0x20, 0x50, 0x41, 0x44, 0x2c, 0x20, 0x34, 0x36, 0x2c,
  0x20, 0x31, 0x36, 0x2c, 0x20, 0x48, 0x55, 0x42, 0x5f, 0x4d, 0x55, 0x54,
  0x45, 0x44, 0x29, 0x3b, 0x0a, 0x63, 0x6f, 0x6e, 0x73, 0x74, 0x20, 0x77,
  0x65, 0x61, 0x74, 0x68, 0x65, 0x72, 0x4c, 0x61, 0x62, 0x65, 0x6c, 0x20,
  0x3d, 0x20, 0x75, 0x69, 0x2e, 0x74, 0x65, 0x78, 0x74, 0x28, 0x27, 0x31,
  0x36, 0xc2, 0xb0, 0x20, 0x20, 0x35, 0x37, 0x25, 0x27, 0x2c, 0x20, 0x57,
  0x20, 0x2d, 0x20, 0x32, 0x30, 0x30, 0x2c, 0x20, 0x32, 0x30, 0x2c, 0x20,
  0x31, 0x36, 0x2c, 0x20, 0x48, 0x55, 0x42, 0x5f, 0x54, 0x45, 0x58, 0x54,
  0x29, 0x3b, 0x0a, 0x63, 0x6f, 0x6e, 0x73, 0x74, 0x20, 0x73, 0x74, 0x61,
  0x74, 0x75, 0x73, 0x4c, 0x61, 0x62, 0x65, 0x6c, 0x20, 0x3d, 0x20, 0x75,
  0x69, 0x2e, 0x74, 0x65, 0x78, 0x74, 0x28, 0x27, 0xe6, 0x9c, 0xaa, 0xe8,
  0xbf, 0x9e, 0xe6, 0x8e, 0xa5, 0x27, 0x2c, 0x20, 0x50, 0x41, 0x44, 0x2c,
  0x20, 0x37, 0x36, 0x2c, 0x20, 0x31, 0x36, 0x2c, 0x20, 0x48, 0x55, 0x42,
  0x5f, 0x4d, 0x55, 0x54, 0x45, 0x44, 0x29, 0x3b, 0x0a, 0x63, 0x6f, 0x6e,
  0x73, 0x74, 0x20, 0x70, 0x61, 0x67, 0x65, 0x4c, 0x61, 0x62, 0x65, 0x6c,
  0x20, 0x3d, 0x20, 0x75, 0x69, 0x2e, 0x74, 0x65, 0x78, 0x74, 0x28, 0x27,
  0x27, 0x2c, 0x20, 0x57, 0x20, 0x2d, 0x20, 0x31, 0x36, 0x30, 0x2c, 0x20,
  0x37, 0x36, 0x2c, 0x20, 0x31, 0x36, 0x2c, 0x20, 0x48, 0x55, 0x42, 0x5f,
  0x4d, 0x55, 0x54, 0x45, 0x44, 0x29, 0x3b, 0x0a, 0x63, 0x6f, 0x6e, 0x73,
  0x74, 0x20, 0x72, 0x6f, 0x77, 0x73, 0x20, 0x3d, 0x20, 0x5b, 0x5d, 0x3b,
  0x0a, 0x6c, 0x65, 0x74, 0x20, 0x61, 0x63, 0x74, 0x69, 0x6f, 0x6e, 0x42,
  0x75, 0x74, 0x74, 0x6f, 0x6e, 0x73, 0x20, 0x3d, 0x20, 0x5b, 0x5d, 0x3b,
  0x0a, 0x6c, 0x65, 0x74, 0x20, 0x63, 0x6f, 0x6e, 0x66, 0x69, 0x67, 0x42,
  0x75, 0x74, 0x74, 0x6f, 0x6e, 0x73, 0x20, 0x3d, 0x20, 0x5b, 0x5d, 0x3b,
  0x0a, 0x6c, 0x65, 0x74, 0x20, 0x61, 0x64, 0x76, 0x61, 0x6e, 0x63, 0x65,
  0x64, 0x42, 0x75, 0x74, 0x74, 0x6f, 0x6e, 0x73, 0x20, 0x3d, 0x20, 0x5b,
  0x5d, 0x3b, 0x0a, 0x6c, 0x65, 0x74, 0x20, 0x6d, 0x6f, 0x72, 0x65, 0x42,
  0x75, 0x74, 0x74, 0x6f, 0x6e, 0x3b, 0x0a, 0x0a, 0x66, 0x75, 0x6e, 0x63,
  0x74, 0x69, 0x6f, 0x6e, 0x20, 0x73, 0x65, 0x74, 0x53, 0x74, 0x61, 0x74,
  0x75, 0x73, 0x28, 0x74, 0x65, 0x78, 0x74, 0x29, 0x20, 0x7b, 0x0a, 0x20,
  0x20, 0x75, 0x69, 0x2e, 0x73, 0x65, 0x74, 0x54, 0x65, 0x78, 0x74, 0x28,
  0x73, 0x74, 0x61, 0x74, 0x75, 0x73, 0x4c, 0x61, 0x62, 0x65, 0x6c, 0x2c,
  0x20, 0x74, 0x65, 0x78, 0x74, 0x29, 0x3b, 0x0a, 0x7d, 0x0a, 0x0a, 0x66,
  0x75, 0x6e, 0x63, 0x74, 0x69, 0x6f, 0x6e, 0x20, 0x63, 0x6c, 0x69, 0x70,
  0x28, 0x74, 0x65, 0x78, 0x74, 0x2c, 0x20, 0x6d, 0x61, 0x78, 0x29, 0x20,
  0x7b, 0x0a, 0x20, 0x20, 0x63, 0x6f, 0x6e, 0x73, 0x74, 0x20, 0x76, 0x61,
  0x6c, 0x75, 0x65, 0x20, 0x3d, 0x20, 0x53, 0x74, 0x72, 0x69, 0x6e, 0x67,
  0x28, 0x74, 0x65, 0x78, 0x74, 0x20, 0x7c, 0x7c, 0x20, 0x27, 0x27, 0x29,
  0x3b, 0x0a, 0x20, 0x20, 0x72, 0x65, 0x74, 0x75, 0x72, 0x6e, 0x20, 0x76,
  0x61, 0x6c, 0x75, 0x65, 0x2e, 0x6c, 0x65, 0x6e, 0x67, 0x74, 0x68, 0x20,
  0x3e, 0x20, 0x6d, 0x61, 0x78, 0x20, 0x3f, 0x20, 0x76, 0x61, 0x6c, 0x75,
  0x65, 0x2e, 0x73, 0x6c, 0x69, 0x63, 0x65, 0x28, 0x30, 0x2c, 0x20, 0x6d,
  0x61, 0x78, 0x20, 0x2d, 0x20, 0x31, 0x29, 0x20, 0x2b, 0x20, 0x27, 0xe2,
  0x80, 0xa6, 0x27, 0x20, 0x3a, 0x20, 0x76, 0x61, 0x6c, 0x75, 0x65, 0x3b,
  0x0a, 0x7d, 0x0a, 0x0a, 0x66, 0x75, 0x6e, 0x63, 0x74, 0x69, 0x6f, 0x6e,
  0x20, 0x65, 0x6e, 0x74, 0x69, 0x74, 0x79, 0x4e, 0x61, 0x6d, 0x65, 0x28,
  0x69, 0x74, 0x65, 0x6d, 0x29, 0x20, 0x7b, 0x0a, 0x20, 0x20, 0x63, 0x6f,
  0x6e, 0x73, 0x74, 0x20, 0x61, 0x74, 0x74, 0x72, 0x73, 0x20, 0x3d, 0x20,
  0x69, 0x74, 0x65, 0x6d, 0x2e, 0x61, 0x74, 0x74, 0x72, 0x69, 0x62, 0x75,
  0x74, 0x65, 0x73, 0x20, 0x7c, 0x7c, 0x20, 0x7b, 0x7d, 0x3b, 0x0a, 0x20,
  0x20, 0x72, 0x65, 0x74, 0x75, 0x72, 0x6e, 0x20, 0x61, 0x74, 0x74, 0x72,
  0x73, 0x2e, 0x66, 0x72, 0x69, 0x65, 0x6e, 0x64, 0x6c, 0x79, 0x5f, 0x6e,
  0x61, 0x6d, 0x65, 0x20, 0x7c, 0x7c, 0x20, 0x69, 0x74, 0x65, 0x6d, 0x2e,
  0x65, 0x6e, 0x74, 0x69, 0x74, 0x79, 0x5f, 0x69, 0x64, 0x3b, 0x0a, 0x7d,
  0x0a, 0x0a, 0x66, 0x75, 0x6e, 0x63, 0x74, 0x69, 0x6f, 0x6e, 0x20, 0x69,
  0x73, 0x4f, 0x6e, 0x28, 0x73, 0x74, 0x61, 0x74, 0x65, 0x29, 0x20, 0x7b,
  0x0a, 0x20, 0x20, 0x63, 0x6f, 0x6e, 0x73, 0x74, 0x20, 0x6b, 0x65, 0x79,
  0x20, 0x3d, 0x20, 0x53, 0x74, 0x72, 0x69, 0x6e, 0x67, 0x28, 0x73, 0x74,
  0x61, 0x74, 0x65, 0x20, 0x7c, 0x7c, 0x20, 0x27, 0x27, 0x29, 0x2e, 0x74,
  0x6f, 0x4c, 0x6f, 0x77, 0x65, 0x72, 0x43, 0x61, 0x73, 0x65, 0x28, 0x29,
  0x3b, 0x0a, 0x20, 0x20, 0x72, 0x65, 0x74, 0x75, 0x72, 0x6e, 0x20, 0x6b,
  0x65, 0x79, 0x20, 0x3d, 0x3d, 0x3d, 0x20, 0x27, 0x6f, 0x6e, 0x27, 0x20,
  0x7c, 0x7c, 0x20, 0x6b, 0x65, 0x79, 0x20, 0x3d, 0x3d, 0x3d, 0x20, 0x27,
  0x6f, 0x70, 0x65, 0x6e, 0x27, 0x20, 0x7c, 0x7c, 0x20, 0x6b, 0x65, 0x79,
  0x20, 0x3d, 0x3d, 0x3d, 0x20, 0x27, 0x75, 0x6e, 0x6c, 0x6f, 0x63, 0x6b,
  0x65, 0x64, 0x27, 0x20, 0x7c, 0x7c, 0x0a, 0x20, 0x20, 0x20, 0x20, 0x20,
  0x20, 0x20, 0x20, 0x20, 0x6b, 0x65, 0x79, 0x20, 0x3d, 0x3d, 0x3d, 0x20,
  0x27, 0x70, 0x6c, 0x61, 0x79, 0x69, 0x6e, 0x67, 0x27, 0x20, 0x7c, 0x7c,
  0x20, 0x6b, 0x65, 0x79, 0x20, 0x3d, 0x3d, 0x3d, 0x20, 0x27, 0x68, 0x65,
  0x61, 0x74, 0x27, 0x20, 0x7c, 0x7c, 0x20, 0x6b, 0x65, 0x79, 0x20, 0x3d,
  0x3d, 0x3d, 0x20, 0x27, 0x63, 0x6f, 0x6f, 0x6c, 0x27, 0x20, 0x7c, 0x7c,
  0x0a, 0x20, 0x20, 0x20, 0x20, 0x20, 0x20, 0x20, 0x20, 0x20, 0x6b, 0x65,
  0x79, 0x20, 0x3d, 0x3d, 0x3d, 0x20, 0x27, 0x61, 0x75, 0x74, 0x6f, 0x27,
  0x3b, 0x0a, 0x7d, 0x0a, 0x0a, 0x66, 0x75, 0x6e, 0x63, 0x74, 0x69, 0x6f,
  0x6e, 0x20, 0x73, 0x74, 0x61, 0x74, 0x65, 0x4c, 0x61, 0x62, 0x65, 0x6c,
  0x28, 0x73, 0x74, 0x61, 0x74, 0x65, 0x29, 0x20, 0x7b, 0x0a, 0x20, 0x20,
  0x63, 0x6f, 0x6e, 0x73, 0x74, 0x20, 0x6d, 0x61, 0x70, 0x20, 0x3d, 0x20,
  0x7b, 0x0a, 0x20, 0x20, 0x20, 0x20, 0x6f, 0x6e, 0x3a, 0x20, 0x27, 0xe5,
  0xbc, 0x80, 0xe5, 0x90, 0xaf, 0x27, 0x2c, 0x20, 0x6f, 0x66, 0x66, 0x3a,
  0x20, 0x27, 0xe5, 0x85, 0xb3, 0xe9, 0x97, 0xad, 0x27, 0x2c, 0x0a, 0x20,
  0x20, 0x20, 0x20, 0x6f, 0x70, 0x65, 0x6e, 0x3a, 0x20, 0x27, 0xe5, 0xb7,
  0xb2, 0xe6, 0x89, 0x93, 0xe5, 0xbc, 0x80, 0x27, 0x2c, 0x20, 0x6f, 0x70,
  0x65, 0x6e, 0x69, 0x6e, 0x67, 0x3a, 0x20, 0x27, 0xe6, 0x89, 0x93, 0xe5,
  0xbc, 0x80, 0xe4, 0xb8, 0xad, 0x27, 0x2c, 0x20, 0x63, 0x6c, 0x6f, 0x73,
  0x65, 0x64, 0x3a, 0x20, 0x27, 0xe5, 0xb7, 0xb2, 0xe5, 0x85, 0xb3, 0xe9,
  0x97, 0xad, 0x27, 0x2c, 0x20, 0x63, 0x6c, 0x6f, 0x73, 0x69, 0x6e, 0x67,
  0x3a, 0x20, 0x27, 0xe5, 0x85, 0xb3, 0xe9, 0x97, 0xad, 0xe4, 0xb8, 0xad,
  0x27, 0x2c, 0x0a, 0x20, 0x20, 0x20, 0x20, 0x6c, 0x6f, 0x63, 0x6b, 0x65,
  0x64, 0x3a, 0x20, 0x27, 0xe5, 0xb7, 0xb2, 0xe4, 0xb8, 0x8a, 0xe9, 0x94,
  0x81, 0x27, 0x2c, 0x20, 0x75, 0x6e, 0x6c, 0x6f, 0x63, 0x6b, 0x65, 0x64,
  0x3a, 0x20, 0x27, 0xe5, 0xb7, 0xb2, 0xe8, 0xa7, 0xa3, 0xe9, 0x94, 0x81,
  0x27, 0x2c, 0x0a, 0x0a, 0x20, 0x20, 0x20, 0x20, 0x70, 0x6c, 0x61, 0x79,
  0x69, 0x6e, 0x67, 0x3a, 0x20, 0x27, 0xe6, 0xad, 0xa3, 0xe5, 0x9c, 0xa8,
  0xe6, 0x92, 0xad, 0xe6, 0x94, 0xbe, 0x27, 0x2c, 0x20, 0x70, 0x61, 0x75,
  0x73, 0x65, 0x64, 0x3a, 0x20, 0x27, 0xe5, 0xb7, 0xb2, 0xe6, 0x9a, 0x82,
  0xe5, 0x81, 0x9c, 0x27, 0x2c, 0x20, 0x69, 0x64, 0x6c, 0x65, 0x3a, 0x20,
  0x27, 0xe5, 0xbe, 0x85, 0xe6, 0x9c, 0xba, 0x27, 0x2c, 0x0a, 0x20, 0x20,
  0x20, 0x20, 0x6e, 0x6f, 0x74, 0x5f, 0x68, 0x6f, 0x6d, 0x65, 0x3a, 0x20,
  0x27, 0xe7, 0xa6, 0xbb, 0xe5, 0xae, 0xb6, 0x27, 0x2c, 0x20, 0x61, 0x77,
  0x61, 0x79, 0x3a, 0x20, 0x27, 0xe7, 0xa6, 0xbb, 0xe5, 0xae, 0xb6, 0x27,
  0x2c, 0x20, 0x68, 0x6f, 0x6d, 0x65, 0x3a, 0x20, 0x27, 0xe5, 0x9c, 0xa8,
  0xe5, 0xae, 0xb6, 0x27, 0x2c, 0x0a, 0x20, 0x20, 0x20, 0x20, 0x68, 0x65,
  0x61, 0x74, 0x3a, 0x20, 0x27, 0xe5, 0x88, 0xb6, 0xe7, 0x83, 0xad, 0xe4,
  0xb8, 0xad, 0x27, 0x2c, 0x20, 0x63, 0x6f, 0x6f, 0x6c, 0x3a, 0x20, 0x27,
  0xe5, 0x88, 0xb6, 0xe5, 0x86, 0xb7, 0xe4, 0xb8, 0xad, 0x27, 0x2c, 0x20,
  0x61, 0x75, 0x74, 0x6f, 0x3a, 0x20, 0x27, 0xe8, 0x87, 0xaa, 0xe5, 0x8a,
  0xa8, 0x27, 0x2c, 0x0a, 0x20, 0x20, 0x20, 0x20, 0x75, 0x6e, 0x61, 0x76,
  0x61, 0x69, 0x6c, 0x61, 0x62, 0x6c, 0x65, 0x3a, 0x20, 0x27, 0xe7, 0xa6,
  0xbb, 0xe7, 0xba, 0xbf, 0x27, 0x2c, 0x20, 0x75, 0x6e, 0x6b, 0x6e, 0x6f,
  0x77, 0x6e, 0x3a, 0x20, 0x27, 0xe6, 0x9c, 0xaa, 0xe7, 0x9f, 0xa5, 0x27,
  0x0a, 0x20, 0x20, 0x7d, 0x3b, 0x0a, 0x20, 0x20, 0x63, 0x6f, 0x6e, 0x73,
  0x74, 0x20, 0x6b, 0x65, 0x79, 0x20, 0x3d, 0x20, 0x53, 0x74, 0x72, 0x69,
  0x6e, 0x67, 0x28, 0x73, 0x74, 0x61, 0x74, 0x65, 0x20, 0x7c, 0x7c, 0x20,
  0x27, 0x27, 0x29, 0x2e, 0x74, 0x6f, 0x4c, 0x6f, 0x77, 0x65, 0x72, 0x43,
  0x61, 0x73, 0x65, 0x28, 0x29, 0x3b, 0x0a, 0x20, 0x20, 0x72, 0x65, 0x74,
  0x75, 0x72, 0x6e, 0x20, 0x6d, 0x61, 0x70, 0x5b, 0x6b, 0x65, 0x79, 0x5d,
  0x20, 0x7c, 0x7c, 0x20, 0x53, 0x74, 0x72, 0x69, 0x6e, 0x67, 0x28, 0x73,
  0x74, 0x61, 0x74, 0x65, 0x20, 0x7c, 0x7c, 0x20, 0x27, 0xe6, 0x9c, 0xaa,
  0xe7, 0x9f, 0xa5, 0x27, 0x29, 0x3b, 0x0a, 0x7d, 0x0a, 0x0a, 0x66, 0x75,
  0x6e, 0x63, 0x74, 0x69, 0x6f, 0x6e, 0x20, 0x70, 0x61, 0x64, 0x32, 0x28,
  0x6e, 0x29, 0x20, 0x7b, 0x0a, 0x20, 0x20, 0x72, 0x65, 0x74, 0x75, 0x72,
  0x6e, 0x20, 0x6e, 0x20, 0x3c, 0x20, 0x31, 0x30, 0x20, 0x3f, 0x20, 0x27,
  0x30, 0x27, 0x20, 0x2b, 0x20, 0x6e, 0x20, 0x3a, 0x20, 0x53, 0x74, 0x72,
  0x69, 0x6e, 0x67, 0x28, 0x6e, 0x29, 0x3b, 0x0a, 0x7d, 0x0a, 0x0a, 0x66,
  0x75, 0x6e, 0x63, 0x74, 0x69, 0x6f, 0x6e, 0x20, 0x70, 0x61, 0x69, 0x6e,
  0x74, 0x43, 0x6c, 0x6f, 0x63, 0x6b, 0x28, 0x29, 0x20, 0x7b, 0x0a, 0x20,
  0x20, 0x63, 0x6f, 0x6e, 0x73, 0x74, 0x20, 0x64, 0x20, 0x3d, 0x20, 0x6e,
  0x65, 0x77, 0x20, 0x44, 0x61, 0x74, 0x65, 0x28, 0x29, 0x3b, 0x0a, 0x20,
  0x20, 0x63, 0x6f, 0x6e, 0x73, 0x74, 0x20, 0x77, 0x65, 0x65, 0x6b, 0x73,
  0x20, 0x3d, 0x20, 0x5b, 0x27, 0xe6, 0x98, 0x9f, 0xe6, 0x9c, 0x9f, 0xe6,
  0x97, 0xa5, 0x27, 0x2c, 0x20, 0x27, 0xe6, 0x98, 0x9f, 0xe6, 0x9c, 0x9f,
  0xe4, 0xb8, 0x80, 0x27, 0x2c, 0x20, 0x27, 0xe6, 0x98, 0x9f, 0xe6, 0x9c,
  0x9f, 0xe4, 0xba, 0x8c, 0x27, 0x2c, 0x20, 0x27, 0xe6, 0x98, 0x9f, 0xe6,
  0x9c, 0x9f, 0xe4, 0xb8, 0x89, 0x27, 0x2c, 0x0a, 0x20, 0x20, 0x20, 0x20,
  0x20, 0x20, 0x20, 0x20, 0x20, 0x20, 0x20, 0x20, 0x20, 0x20, 0x20, 0x20,
  0x20, 0x27, 0xe6, 0x98, 0x9f, 0xe6, 0x9c, 0x9f, 0xe5, 0x9b, 0x9b, 0x27,
  0x2c, 0x20, 0x27, 0xe6, 0x98, 0x9f, 0xe6, 0x9c, 0x9f, 0xe4, 0xba, 0x94,
  0x27, 0x2c, 0x20, 0x27, 0xe6, 0x98, 0x9f, 0xe6, 0x9c, 0x9f, 0xe5, 0x85,
  0xad, 0x27, 0x5d, 0x3b, 0x0a, 0x20, 0x20, 0x75, 0x69, 0x2e, 0x73, 0x65,
  0x74, 0x54, 0x65, 0x78, 0x74, 0x28, 0x64, 0x61, 0x74, 0x65, 0x4c, 0x61,
  0x62, 0x65, 0x6c, 0x2c, 0x20, 0x27, 0xe5, 0xae, 0xb6, 0x27, 0x29, 0x3b,
  0x0a, 0x20, 0x20, 0x75, 0x69, 0x2e, 0x73, 0x65, 0x74, 0x54, 0x65, 0x78,
  0x74, 0x28, 0x63, 0x6c, 0x6f, 0x63, 0x6b, 0x4c, 0x61, 0x62, 0x65, 0x6c,
  0x2c, 0x20, 0x77, 0x65, 0x65, 0x6b, 0x73, 0x5b, 0x64, 0x2e, 0x67, 0x65,
  0x74, 0x44, 0x61, 0x79, 0x28, 0x29, 0x5d, 0x20, 0x2b, 0x20, 0x27, 0x20,
  0x20, 0x27, 0x20, 0x2b, 0x20, 0x64, 0x2e, 0x67, 0x65, 0x74, 0x44, 0x61,
  0x74, 0x65, 0x28, 0x29, 0x20, 0x2b, 0x20, 0x27, 0x20, 0x20, 0x27, 0x20,
  0x2b, 0x0a, 0x20, 0x20, 0x20, 0x20, 0x20, 0x20, 0x20, 0x20, 0x20, 0x20,
  0x20, 0x20, 0x20, 0x70, 0x61, 0x64, 0x32, 0x28, 0x64, 0x2e, 0x67, 0x65,
  0x74, 0x48, 0x6f, 0x75, 0x72, 0x73, 0x28, 0x29, 0x29, 0x20, 0x2b, 0x20,
  0x27, 0x3a, 0x27, 0x20, 0x2b, 0x20, 0x70, 0x61, 0x64, 0x32, 0x28, 0x64,
  0x2e, 0x67, 0x65, 0x74, 0x4d, 0x69, 0x6e, 0x75, 0x74, 0x65, 0x73, 0x28,
  0x29, 0x29, 0x29, 0x3b, 0x0a, 0x7d, 0x0a, 0x0a, 0x66, 0x75, 0x6e, 0x63,
  0x74, 0x69, 0x6f, 0x6e, 0x20, 0x63, 0x61, 0x72, 0x64, 0x43, 0x6f, 0x6c,
  0x6f, 0x72, 0x28, 0x69, 0x6e, 0x64, 0x65, 0x78, 0x2c, 0x20, 0x69, 0x74,
  0x65, 0x6d, 0x29, 0x20, 0x7b, 0x0a, 0x20, 0x20, 0x69, 0x66, 0x20, 0x28,
  0x69, 0x6e, 0x64, 0x65, 0x78, 0x20, 0x3d, 0x3d, 0x3d, 0x20, 0x73, 0x65,
  0x6c, 0x65, 0x63, 0x74, 0x65, 0x64, 0x29, 0x20, 0x72, 0x65, 0x74, 0x75,
  0x72, 0x6e, 0x20, 0x48, 0x55, 0x42, 0x5f, 0x50, 0x49, 0x43, 0x4b, 0x3b,
  0x0a, 0x20, 0x20, 0x72, 0x65, 0x74, 0x75, 0x72, 0x6e, 0x20, 0x48, 0x55,
  0x42, 0x5f, 0x43, 0x41, 0x52, 0x44, 0x3b, 0x0a, 0x7d, 0x0a, 0x0a, 0x66,
  0x75, 0x6e, 0x63, 0x74, 0x69, 0x6f, 0x6e, 0x20, 0x72, 0x65, 0x6e, 0x64,
  0x65, 0x72, 0x28, 0x29, 0x20, 0x7b, 0x0a, 0x20, 0x20, 0x70, 0x61, 0x69,
  0x6e, 0x74, 0x43, 0x6c, 0x6f, 0x63, 0x6b, 0x28, 0x29, 0x3b, 0x0a, 0x20,
  0x20, 0x66, 0x6f, 0x72, 0x20, 0x28, 0x6c, 0x65, 0x74, 0x20, 0x69, 0x20,
  0x3d, 0x20, 0x30, 0x3b, 0x20, 0x69, 0x20, 0x3c, 0x20, 0x50, 0x41, 0x47,
  0x45, 0x5f, 0x53, 0x49, 0x5a, 0x45, 0x3b, 0x20, 0x69, 0x2b, 0x2b, 0x29,
  0x20, 0x7b, 0x0a, 0x20, 0x20, 0x20, 0x20, 0x63, 0x6f, 0x6e, 0x73, 0x74,
  0x20, 0x69, 0x6e, 0x64, 0x65, 0x78, 0x20, 0x3d, 0x20, 0x70, 0x61, 0x67,
  0x65, 0x20, 0x2a, 0x20, 0x50, 0x41, 0x47, 0x45, 0x5f, 0x53, 0x49, 0x5a,
  0x45, 0x20, 0x2b, 0x20, 0x69, 0x3b, 0x0a, 0x20, 0x20, 0x20, 0x20, 0x69,
  0x66, 0x20, 0x28, 0x69, 0x6e, 0x64, 0x65, 0x78, 0x20, 0x3c, 0x20, 0x65,
  0x6e, 0x74, 0x69, 0x74, 0x69, 0x65, 0x73, 0x2e, 0x6c, 0x65, 0x6e, 0x67,
  0x74, 0x68, 0x29, 0x20, 0x7b, 0x0a, 0x20, 0x20, 0x20, 0x20, 0x20, 0x20,
  0x63, 0x6f, 0x6e, 0x73, 0x74, 0x20, 0x69, 0x74, 0x65, 0x6d, 0x20, 0x3d,
  0x20, 0x65, 0x6e, 0x74, 0x69, 0x74, 0x69, 0x65, 0x73, 0x5b, 0x69, 0x6e,
  0x64, 0x65, 0x78, 0x5d, 0x3b, 0x0a, 0x20, 0x20, 0x20, 0x20, 0x20, 0x20,
  0x63, 0x6f, 0x6e, 0x73, 0x74, 0x20, 0x75, 0x6e, 0x69, 0x74, 0x20, 0x3d,
  0x20, 0x28, 0x69, 0x74, 0x65, 0x6d, 0x2e, 0x61, 0x74, 0x74, 0x72, 0x69,
  0x62, 0x75, 0x74, 0x65, 0x73, 0x20, 0x7c, 0x7c, 0x20, 0x7b, 0x7d, 0x29,
  0x2e, 0x75, 0x6e, 0x69, 0x74, 0x5f, 0x6f, 0x66, 0x5f, 0x6d, 0x65, 0x61,
  0x73, 0x75, 0x72, 0x65, 0x6d, 0x65, 0x6e, 0x74, 0x3b, 0x0a, 0x20, 0x20,
  0x20, 0x20, 0x20, 0x20, 0x63, 0x6f, 0x6e, 0x73, 0x74, 0x20, 0x73, 0x68,
  0x6f, 0x77, 0x6e, 0x20, 0x3d, 0x20, 0x75, 0x6e, 0x69, 0x74, 0x20, 0x3f,
  0x20, 0x73, 0x74, 0x61, 0x74, 0x65, 0x4c, 0x61, 0x62, 0x65, 0x6c, 0x28,
  0x69, 0x74, 0x65, 0x6d, 0x2e, 0x73, 0x74, 0x61, 0x74, 0x65, 0x29, 0x20,
  0x2b, 0x20, 0x27, 0x20, 0x27, 0x20, 0x2b, 0x20, 0x75, 0x6e, 0x69, 0x74,
  0x20, 0x3a, 0x0a, 0x20, 0x20, 0x20, 0x20, 0x20, 0x20, 0x20, 0x20, 0x20,
  0x20, 0x20, 0x20, 0x20, 0x20, 0x20, 0x20, 0x20, 0x20, 0x20, 0x20, 0x73,
  0x74, 0x61, 0x74, 0x65, 0x4c, 0x61, 0x62, 0x65, 0x6c, 0x28, 0x69, 0x74,
  0x65, 0x6d, 0x2e, 0x73, 0x74, 0x61, 0x74, 0x65, 0x29, 0x3b, 0x0a, 0x20,
  0x20, 0x20, 0x20, 0x20, 0x20, 0x75, 0x69, 0x2e, 0x73, 0x65, 0x74, 0x54,
  0x65, 0x78, 0x74, 0x28, 0x72, 0x6f, 0x77, 0x73, 0x5b, 0x69, 0x5d, 0x2c,
  0x20, 0x63, 0x6c, 0x69, 0x70, 0x28, 0x65, 0x6e, 0x74, 0x69, 0x74, 0x79,
  0x4e, 0x61, 0x6d, 0x65, 0x28, 0x69, 0x74, 0x65, 0x6d, 0x29, 0x2c, 0x20,
  0x31, 0x30, 0x29, 0x20, 0x2b, 0x20, 0x27, 0x5c, 0x6e, 0x27, 0x20, 0x2b,
  0x0a, 0x20, 0x20, 0x20, 0x20, 0x20, 0x20, 0x20, 0x20, 0x20, 0x20, 0x20,
  0x20, 0x20, 0x20, 0x20, 0x20, 0x20, 0x20, 0x20, 0x20, 0x20, 0x20, 0x20,
  0x20, 0x20, 0x20, 0x63, 0x6c, 0x69, 0x70, 0x28, 0x73, 0x68, 0x6f, 0x77,
  0x6e, 0x2c, 0x20, 0x31, 0x36, 0x29, 0x29, 0x3b, 0x0a, 0x20, 0x20, 0x20,
  0x20, 0x20, 0x20, 0x75, 0x69, 0x2e, 0x73, 0x65, 0x74, 0x43, 0x6f, 0x6c,
  0x6f, 0x72, 0x28, 0x72, 0x6f, 0x77, 0x73, 0x5b, 0x69, 0x5d, 0x2c, 0x20,
  0x63, 0x61, 0x72, 0x64, 0x43, 0x6f, 0x6c, 0x6f, 0x72, 0x28, 0x69, 0x6e,
  0x64, 0x65, 0x78, 0x2c, 0x20, 0x69, 0x74, 0x65, 0x6d, 0x29, 0x29, 0x3b,
  0x0a, 0x20, 0x20, 0x20, 0x20, 0x20, 0x20, 0x75, 0x69, 0x2e, 0x73, 0x68,
  0x6f, 0x77, 0x28, 0x72, 0x6f, 0x77, 0x73, 0x5b, 0x69, 0x5d, 0x29, 0x3b,
  0x0a, 0x20, 0x20, 0x20, 0x20, 0x7d, 0x20, 0x65, 0x6c, 0x73, 0x65, 0x20,
  0x7b, 0x0a, 0x20, 0x20, 0x20, 0x20, 0x20, 0x20, 0x75, 0x69, 0x2e, 0x68,
  0x69, 0x64, 0x65, 0x28, 0x72, 0x6f, 0x77, 0x73, 0x5b, 0x69, 0x5d, 0x29,
  0x3b, 0x0a, 0x20, 0x20, 0x20, 0x20, 0x7d, 0x0a, 0x20, 0x20, 0x7d, 0x0a,
  0x20, 0x20, 0x63, 0x6f, 0x6e, 0x73, 0x74, 0x20, 0x70, 0x61, 0x67, 0x65,
  0x73, 0x20, 0x3d, 0x20, 0x4d, 0x61, 0x74, 0x68, 0x2e, 0x6d, 0x61, 0x78,
  0x28, 0x31, 0x2c, 0x20, 0x4d, 0x61, 0x74, 0x68, 0x2e, 0x63, 0x65, 0x69,
  0x6c, 0x28, 0x65, 0x6e, 0x74, 0x69, 0x74, 0x69, 0x65, 0x73, 0x2e, 0x6c,
  0x65, 0x6e, 0x67, 0x74, 0x68, 0x20, 0x2f, 0x20, 0x50, 0x41, 0x47, 0x45,
  0x5f, 0x53, 0x49, 0x5a, 0x45, 0x29, 0x29, 0x3b, 0x0a, 0x20, 0x20, 0x75,
  0x69, 0x2e, 0x73, 0x65, 0x74, 0x54, 0x65, 0x78, 0x74, 0x28, 0x70, 0x61,
  0x67, 0x65, 0x4c, 0x61, 0x62, 0x65, 0x6c, 0x2c, 0x20, 0x65, 0x6e, 0x74,
  0x69, 0x74, 0x69, 0x65, 0x73, 0x2e, 0x6c, 0x65, 0x6e, 0x67, 0x74, 0x68,
  0x20, 0x3f, 0x0a, 0x20, 0x20, 0x20, 0x20, 0x20, 0x20, 0x20, 0x20, 0x20,
  0x20, 0x20, 0x20, 0x20, 0x28, 0x70, 0x61, 0x67, 0x65, 0x20, 0x2b, 0x20,
  0x31, 0x29, 0x20, 0x2b, 0x20, 0x27, 0x20, 0x2f, 0x20, 0x27, 0x20, 0x2b,
  0x20, 0x70, 0x61, 0x67, 0x65, 0x73, 0x20, 0x3a, 0x20, 0x27, 0x27, 0x29,
  0x3b, 0x0a, 0x20, 0x20, 0x63, 0x6f, 0x6e, 0x73, 0x74, 0x20, 0x73, 0x65,
  0x6c, 0x65, 0x63, 0x74, 0x65, 0x64, 0x50, 0x61, 0x72, 0x74, 0x73, 0x20,
  0x3d, 0x20, 0x73, 0x65, 0x6c, 0x65, 0x63, 0x74, 0x65, 0x64, 0x20, 0x3e,
  0x3d, 0x20, 0x30, 0x20, 0x3f, 0x0a, 0x20, 0x20, 0x20, 0x20, 0x20, 0x20,
  0x20, 0x20, 0x20, 0x20, 0x20, 0x20, 0x20, 0x20, 0x20, 0x20, 0x20, 0x73,
  0x70, 0x6c, 0x69, 0x74, 0x45, 0x6e, 0x74, 0x69, 0x74, 0x79, 0x49, 0x64,
  0x28, 0x65, 0x6e, 0x74, 0x69, 0x74, 0x69, 0x65, 0x73, 0x5b, 0x73, 0x65,
  0x6c, 0x65, 0x63, 0x74, 0x65, 0x64, 0x5d, 0x2e, 0x65, 0x6e, 0x74, 0x69,
  0x74, 0x79, 0x5f, 0x69, 0x64, 0x29, 0x20, 0x3a, 0x20, 0x6e, 0x75, 0x6c,
  0x6c, 0x3b, 0x0a, 0x20, 0x20, 0x63, 0x6f, 0x6e, 0x73, 0x74, 0x20, 0x64,
  0x6f, 0x6d, 0x61, 0x69, 0x6e, 0x20, 0x3d, 0x20, 0x73, 0x65, 0x6c, 0x65,
  0x63, 0x74, 0x65, 0x64, 0x50, 0x61, 0x72, 0x74, 0x73, 0x20, 0x3f, 0x20,
  0x73, 0x65, 0x6c, 0x65, 0x63, 0x74, 0x65, 0x64, 0x50, 0x61, 0x72, 0x74,
  0x73, 0x5b, 0x30, 0x5d, 0x20, 0x3a, 0x20, 0x27, 0x27, 0x3b, 0x0a, 0x20,
  0x20, 0x63, 0x6f, 0x6e, 0x73, 0x74, 0x20, 0x6c, 0x61, 0x62, 0x65, 0x6c,
  0x73, 0x20, 0x3d, 0x20, 0x7b, 0x0a, 0x20, 0x20, 0x20, 0x20, 0x63, 0x6f,
  0x76, 0x65, 0x72, 0x3a, 0x20, 0x5b, 0x27, 0xe6, 0x89, 0x93, 0xe5, 0xbc,
  0x80, 0x27, 0x2c, 0x20, 0x27, 0xe5, 0x81, 0x9c, 0xe6, 0xad, 0xa2, 0x27,
  0x2c, 0x20, 0x27, 0xe5, 0x85, 0xb3, 0xe9, 0x97, 0xad, 0x27, 0x5d, 0x2c,
  0x0a, 0x20, 0x20, 0x20, 0x20, 0x6c, 0x6f, 0x63, 0x6b, 0x3a, 0x20, 0x5b,
  0x27, 0xe4, 0xb8, 0x8a, 0xe9, 0x94, 0x81, 0x27, 0x2c, 0x20, 0x27, 0xe5,
  0xbc, 0x80, 0xe9, 0x97, 0xa8, 0x27, 0x2c, 0x20, 0x27, 0xe8, 0xa7, 0xa3,
  0xe9, 0x94, 0x81, 0x27, 0x5d, 0x2c, 0x0a, 0x20, 0x20, 0x20, 0x20, 0x6d,
  0x65, 0x64, 0x69, 0x61, 0x5f, 0x70, 0x6c, 0x61, 0x79, 0x65, 0x72, 0x3a,
  0x20, 0x5b, 0x27, 0xe6, 0x92, 0xad, 0xe6, 0x94, 0xbe, 0x27, 0x2c, 0x20,
  0x27, 0xe9, 0x9f, 0xb3, 0xe9, 0x87, 0x8f, 0x2b, 0x27, 0x2c, 0x20, 0x27,
  0xe9, 0x9f, 0xb3, 0xe9, 0x87, 0x8f, 0x2d, 0x27, 0x5d, 0x2c, 0x0a, 0x20,
  0x20, 0x20, 0x20, 0x76, 0x61, 0x63, 0x75, 0x75, 0x6d, 0x3a, 0x20, 0x5b,
  0x27, 0xe5, 0x90, 0xaf, 0xe5, 0x8a, 0xa8, 0x27, 0x2c, 0x20, 0x27, 0xe5,
  0x81, 0x9c, 0xe6, 0xad, 0xa2, 0x27, 0x2c, 0x20, 0x27, 0xe5, 0x9b, 0x9e,
  0xe5, 0x85, 0x85, 0x27, 0x5d, 0x2c, 0x0a, 0x20, 0x20, 0x20, 0x20, 0x63,
  0x6c, 0x69, 0x6d, 0x61, 0x74, 0x65, 0x3a, 0x20, 0x5b, 0x27, 0xe5, 0xbc,
  0x80, 0xe5, 0x90, 0xaf, 0x27, 0x2c, 0x20, 0x27, 0xe5, 0x85, 0xb3, 0xe9,
  0x97, 0xad, 0x27, 0x2c, 0x20, 0x27, 0xe5, 0x88, 0x87, 0xe6, 0x8d, 0xa2,
  0x27, 0x5d, 0x2c, 0x0a, 0x20, 0x20, 0x20, 0x20, 0x73, 0x63, 0x65, 0x6e,
  0x65, 0x3a, 0x20, 0x5b, 0x27, 0xe6, 0x89, 0xa7, 0xe8, 0xa1, 0x8c, 0x27,
  0x2c, 0x20, 0x27, 0xe6, 0x89, 0xa7, 0xe8, 0xa1, 0x8c, 0x27, 0x2c, 0x20,
  0x27, 0xe6, 0x89, 0xa7, 0xe8, 0xa1, 0x8c, 0x27, 0x5d, 0x2c, 0x0a, 0x20,
  0x20, 0x20, 0x20, 0x62, 0x75, 0x74, 0x74, 0x6f, 0x6e, 0x3a, 0x20, 0x5b,
  0x27, 0xe6, 0x89, 0xa7, 0xe8, 0xa1, 0x8c, 0x27, 0x2c, 0x20, 0x27, 0xe6,
  0x89, 0xa7, 0xe8, 0xa1, 0x8c, 0x27, 0x2c, 0x20, 0x27, 0xe6, 0x89, 0xa7,
  0xe8, 0xa1, 0x8c, 0x27, 0x5d, 0x2c, 0x0a, 0x20, 0x20, 0x20, 0x20, 0x69,
  0x6e, 0x70, 0x75, 0x74, 0x5f, 0x62, 0x75, 0x74, 0x74, 0x6f, 0x6e, 0x3a,
  0x20, 0x5b, 0x27, 0xe6, 0x89, 0xa7, 0xe8, 0xa1, 0x8c, 0x27, 0x2c, 0x20,
  0x27, 0xe6, 0x89, 0xa7, 0xe8, 0xa1, 0x8c, 0x27, 0x2c, 0x20, 0x27, 0xe6,
  0x89, 0xa7, 0xe8, 0xa1, 0x8c, 0x27, 0x5d, 0x0a, 0x20, 0x20, 0x7d, 0x3b,
  0x0a, 0x20, 0x20, 0x63, 0x6f, 0x6e, 0x73, 0x74, 0x20, 0x6e, 0x61, 0x6d,
  0x65, 0x73, 0x20, 0x3d, 0x20, 0x6c, 0x61, 0x62, 0x65, 0x6c, 0x73, 0x5b,
  0x64, 0x6f, 0x6d, 0x61, 0x69, 0x6e, 0x5d, 0x20, 0x7c, 0x7c, 0x20, 0x5b,
  0x27, 0xe6, 0x89, 0x93, 0xe5, 0xbc, 0x80, 0x27, 0x2c, 0x20, 0x27, 0xe5,
  0x85, 0xb3, 0xe9, 0x97, 0xad, 0x27, 0x2c, 0x20, 0x27, 0xe5, 0x88, 0x87,
  0xe6, 0x8d, 0xa2, 0x27, 0x5d, 0x3b, 0x0a, 0x20, 0x20, 0x66, 0x6f, 0x72,
  0x20, 0x28, 0x6c, 0x65, 0x74, 0x20, 0x69, 0x20, 0x3d, 0x20, 0x30, 0x3b,
  0x20, 0x69, 0x20, 0x3c, 0x20, 0x61, 0x63, 0x74, 0x69, 0x6f, 0x6e, 0x42,
  0x75, 0x74, 0x74, 0x6f, 0x6e, 0x73, 0x2e, 0x6c, 0x65, 0x6e, 0x67, 0x74,
  0x68, 0x3b, 0x20, 0x69, 0x2b, 0x2b, 0x29, 0x20, 0x7b, 0x0a, 0x20, 0x20,
  0x20, 0x20, 0x75, 0x69, 0x2e, 0x73, 0x65, 0x74, 0x54, 0x65, 0x78, 0x74,
  0x28, 0x61, 0x63, 0x74, 0x69, 0x6f, 0x6e, 0x42, 0x75, 0x74, 0x74, 0x6f,
  0x6e, 0x73, 0x5b, 0x69, 0x5d, 0x2c, 0x20, 0x6e, 0x61, 0x6d, 0x65, 0x73,
  0x5b, 0x69, 0x5d, 0x29, 0x3b, 0x0a, 0x20, 0x20, 0x20, 0x20, 0x75, 0x69,
  0x2e, 0x73, 0x65, 0x74, 0x43, 0x6f, 0x6c, 0x6f, 0x72, 0x28, 0x61, 0x63,
  0x74, 0x69, 0x6f, 0x6e, 0x42, 0x75, 0x74, 0x74, 0x6f, 0x6e, 0x73, 0x5b,
  0x69, 0x5d, 0x2c, 0x20, 0x69, 0x20, 0x3d, 0x3d, 0x3d, 0x20, 0x30, 0x20,
  0x3f, 0x20, 0x48, 0x55, 0x42, 0x5f, 0x41, 0x43, 0x43, 0x45, 0x4e, 0x54,
  0x20, 0x3a, 0x20, 0x48, 0x55, 0x42, 0x5f, 0x43, 0x41, 0x52, 0x44, 0x29,
  0x3b, 0x0a, 0x20, 0x20, 0x7d, 0x0a, 0x20, 0x20, 0x66, 0x6f, 0x72, 0x20,
  0x28, 0x6c, 0x65, 0x74, 0x20, 0x69, 0x20, 0x3d, 0x20, 0x30, 0x3b, 0x20,
  0x69, 0x20, 0x3c, 0x20, 0x63, 0x6f, 0x6e, 0x66, 0x69, 0x67, 0x42, 0x75,
  0x74, 0x74, 0x6f, 0x6e, 0x73, 0x2e, 0x6c, 0x65, 0x6e, 0x67, 0x74, 0x68,
  0x3b, 0x20, 0x69, 0x2b, 0x2b, 0x29, 0x20, 0x7b, 0x0a, 0x20, 0x20, 0x20,
  0x20, 0x69, 0x66, 0x20, 0x28, 0x61, 0x64, 0x76, 0x61, 0x6e, 0x63, 0x65,
  0x64, 0x4f, 0x70, 0x65, 0x6e, 0x29, 0x20, 0x75, 0x69, 0x2e, 0x68, 0x69,
  0x64, 0x65, 0x28, 0x63, 0x6f, 0x6e, 0x66, 0x69, 0x67, 0x42, 0x75, 0x74,
  0x74, 0x6f, 0x6e, 0x73, 0x5b, 0x69, 0x5d, 0x29, 0x3b, 0x0a, 0x20, 0x20,
  0x20, 0x20, 0x65, 0x6c, 0x73, 0x65, 0x20, 0x75, 0x69, 0x2e, 0x73, 0x68,
  0x6f, 0x77, 0x28, 0x63, 0x6f, 0x6e, 0x66, 0x69, 0x67, 0x42, 0x75, 0x74,
  0x74, 0x6f, 0x6e, 0x73, 0x5b, 0x69, 0x5d, 0x29, 0x3b, 0x0a, 0x20, 0x20,
  0x7d, 0x0a, 0x20, 0x20, 0x66, 0x6f, 0x72, 0x20, 0x28, 0x6c, 0x65, 0x74,
  0x20, 0x69, 0x20, 0x3d, 0x20, 0x30, 0x3b, 0x20, 0x69, 0x20, 0x3c, 0x20,
  0x61, 0x64, 0x76, 0x61, 0x6e, 0x63, 0x65, 0x64, 0x42, 0x75, 0x74, 0x74,
  0x6f, 0x6e, 0x73, 0x2e, 0x6c, 0x65, 0x6e, 0x67, 0x74, 0x68, 0x3b, 0x20,
  0x69, 0x2b, 0x2b, 0x29, 0x20, 0x7b, 0x0a, 0x20, 0x20, 0x20, 0x20, 0x69,
  0x66, 0x20, 0x28, 0x61, 0x64, 0x76, 0x61, 0x6e, 0x63, 0x65, 0x64, 0x4f,
  0x70, 0x65, 0x6e, 0x29, 0x20, 0x75, 0x69, 0x2e, 0x73, 0x68, 0x6f, 0x77,
  0x28, 0x61, 0x64, 0x76, 0x61, 0x6e, 0x63, 0x65, 0x64, 0x42, 0x75, 0x74,
  0x74, 0x6f, 0x6e, 0x73, 0x5b, 0x69, 0x5d, 0x29, 0x3b, 0x0a, 0x20, 0x20,
  0x20, 0x20, 0x65, 0x6c, 0x73, 0x65, 0x20, 0x75, 0x69, 0x2e, 0x68, 0x69,
  0x64, 0x65, 0x28, 0x61, 0x64, 0x76, 0x61, 0x6e, 0x63, 0x65, 0x64, 0x42,
  0x75, 0x74, 0x74, 0x6f, 0x6e, 0x73, 0x5b, 0x69, 0x5d, 0x29, 0x3b, 0x0a,
  0x20, 0x20, 0x7d, 0x0a, 0x20, 0x20, 0x75, 0x69, 0x2e, 0x73, 0x65, 0x74,
  0x54, 0x65, 0x78, 0x74, 0x28, 0x6d, 0x6f, 0x72, 0x65, 0x42, 0x75, 0x74,
  0x74, 0x6f, 0x6e, 0x2c, 0x20, 0x61, 0x64, 0x76, 0x61, 0x6e, 0x63, 0x65,
  0x64, 0x4f, 0x70, 0x65, 0x6e, 0x20, 0x3f, 0x20, 0x27, 0xe6, 0x94, 0xb6,
  0xe8, 0xb5, 0xb7, 0x27, 0x20, 0x3a, 0x20, 0x27, 0xe6, 0x9b, 0xb4, 0xe5,
  0xa4, 0x9a, 0x27, 0x29, 0x3b, 0x0a, 0x7d, 0x0a, 0x0a, 0x66, 0x75, 0x6e,
  0x63, 0x74, 0x69, 0x6f, 0x6e, 0x20, 0x63, 0x72, 0x65, 0x64, 0x65, 0x6e,
  0x74, 0x69, 0x61, 0x6c, 0x73, 0x52, 0x65, 0x61, 0x64, 0x79, 0x28, 0x29,
  0x20, 0x7b, 0x0a, 0x20, 0x20, 0x69, 0x66, 0x20, 0x28, 0x21, 0x74, 0x6f,
  0x6b, 0x65, 0x6e, 0x29, 0x20, 0x7b, 0x0a, 0x20, 0x20, 0x20, 0x20, 0x73,
  0x65, 0x74, 0x53, 0x74, 0x61, 0x74, 0x75, 0x73, 0x28, 0x27, 0xe8, 0xaf,
  0xb7, 0xe5, 0x85, 0x88, 0xe9, 0x85, 0x8d, 0xe7, 0xbd, 0xae, 0xe8, 0xae,
  0xbf, 0xe9, 0x97, 0xae, 0xe4, 0xbb, 0xa4, 0xe7, 0x89, 0x8c, 0x27, 0x29,
  0x3b, 0x0a, 0x20, 0x20, 0x20, 0x20, 0x72, 0x65, 0x74, 0x75, 0x72, 0x6e,
  0x20, 0x66, 0x61, 0x6c, 0x73, 0x65, 0x3b, 0x0a, 0x20, 0x20, 0x7d, 0x0a,
  0x20, 0x20, 0x72, 0x65, 0x74, 0x75, 0x72, 0x6e, 0x20, 0x74, 0x72, 0x75,
  0x65, 0x3b, 0x0a, 0x7d, 0x0a, 0x0a, 0x66, 0x75, 0x6e, 0x63, 0x74, 0x69,
  0x6f, 0x6e, 0x20, 0x64, 0x69, 0x73, 0x63, 0x6f, 0x76, 0x65, 0x72, 0x28,
  0x29, 0x20, 0x7b, 0x0a, 0x20, 0x20, 0x69, 0x66, 0x20, 0x28, 0x21, 0x63,
  0x72, 0x65, 0x64, 0x65, 0x6e, 0x74, 0x69, 0x61, 0x6c, 0x73, 0x52, 0x65,
  0x61, 0x64, 0x79, 0x28, 0x29, 0x29, 0x20, 0x72, 0x65, 0x74, 0x75, 0x72,
  0x6e, 0x3b, 0x0a, 0x20, 0x20, 0x69, 0x66, 0x20, 0x28, 0x68, 0x61, 0x2e,
  0x67, 0x65, 0x74, 0x28, 0x62, 0x61, 0x73, 0x65, 0x2c, 0x20, 0x74, 0x6f,
  0x6b, 0x65, 0x6e, 0x2c, 0x20, 0x27, 0x73, 0x74, 0x61, 0x74, 0x65, 0x73,
  0x27, 0x29, 0x29, 0x20, 0x7b, 0x0a, 0x20, 0x20, 0x20, 0x20, 0x70, 0x65,
  0x6e, 0x64, 0x69, 0x6e, 0x67, 0x20, 0x3d, 0x20, 0x27, 0x73, 0x74, 0x61,
  0x74, 0x65, 0x73, 0x27, 0x3b, 0x0a, 0x20, 0x20, 0x20, 0x20, 0x73, 0x65,
  0x74, 0x53, 0x74, 0x61, 0x74, 0x75, 0x73, 0x28, 0x27, 0xe6, 0xad, 0xa3,
  0xe5, 0x9c, 0xa8, 0xe5, 0x90, 0x8c, 0xe6, 0xad, 0xa5, 0xe2, 0x80, 0xa6,
  0x27, 0x29, 0x3b, 0x0a, 0x20, 0x20, 0x7d, 0x20, 0x65, 0x6c, 0x73, 0x65,
  0x20, 0x7b, 0x0a, 0x20, 0x20, 0x20, 0x20, 0x73, 0x65, 0x74, 0x53, 0x74,
  0x61, 0x74, 0x75, 0x73, 0x28, 0x27, 0xe8, 0xaf, 0xb7, 0xe6, 0xb1, 0x82,
  0xe5, 0xbf, 0x99, 0xe6, 0x88, 0x96, 0xe9, 0x85, 0x8d, 0xe7, 0xbd, 0xae,
  0xe6, 0x97, 0xa0, 0xe6, 0x95, 0x88, 0x27, 0x29, 0x3b, 0x0a, 0x20, 0x20,
  0x7d, 0x0a, 0x7d, 0x0a, 0x0a, 0x66, 0x75, 0x6e, 0x63, 0x74, 0x69, 0x6f,
  0x6e, 0x20, 0x72, 0x65, 0x71, 0x75, 0x65, 0x73, 0x74, 0x53, 0x74, 0x61,
  0x74, 0x65, 0x28, 0x29, 0x20, 0x7b, 0x0a, 0x20, 0x20, 0x69, 0x66, 0x20,
  0x28, 0x73, 0x65, 0x6c, 0x65, 0x63, 0x74, 0x65, 0x64, 0x20, 0x3c, 0x20,
  0x30, 0x20, 0x7c, 0x7c, 0x20, 0x21, 0x63, 0x72, 0x65, 0x64, 0x65, 0x6e,
  0x74, 0x69, 0x61, 0x6c, 0x73, 0x52, 0x65, 0x61, 0x64, 0x79, 0x28, 0x29,
  0x29, 0x20, 0x72, 0x65, 0x74, 0x75, 0x72, 0x6e, 0x3b, 0x0a, 0x20, 0x20,
  0x69, 0x66, 0x20, 0x28, 0x68, 0x61, 0x2e, 0x67, 0x65, 0x74, 0x53, 0x74,
  0x61, 0x74, 0x65, 0x28, 0x62, 0x61, 0x73, 0x65, 0x2c, 0x20, 0x74, 0x6f,
  0x6b, 0x65, 0x6e, 0x2c, 0x20, 0x65, 0x6e, 0x74, 0x69, 0x74, 0x69, 0x65,
  0x73, 0x5b, 0x73, 0x65, 0x6c, 0x65, 0x63, 0x74, 0x65, 0x64, 0x5d, 0x2e,
  0x65, 0x6e, 0x74, 0x69, 0x74, 0x79, 0x5f, 0x69, 0x64, 0x29, 0x29, 0x20,
  0x7b, 0x0a, 0x20, 0x20, 0x20, 0x20, 0x70, 0x65, 0x6e, 0x64, 0x69, 0x6e,
  0x67, 0x20, 0x3d, 0x20, 0x27, 0x73, 0x74, 0x61, 0x74, 0x65, 0x27, 0x3b,
  0x0a, 0x20, 0x20, 0x20, 0x20, 0x73, 0x65, 0x74, 0x53, 0x74, 0x61, 0x74,
  0x75, 0x73, 0x28, 0x27, 0xe6, 0xad, 0xa3, 0xe5, 0x9c, 0xa8, 0xe8, 0xaf,
  0xbb, 0xe5, 0x8f, 0x96, 0x20, 0x27, 0x20, 0x2b, 0x20, 0x63, 0x6c, 0x69,
  0x70, 0x28, 0x65, 0x6e, 0x74, 0x69, 0x74, 0x79, 0x4e, 0x61, 0x6d, 0x65,
  0x28, 0x65, 0x6e, 0x74, 0x69, 0x74, 0x69, 0x65, 0x73, 0x5b, 0x73, 0x65,
  0x6c, 0x65, 0x63, 0x74, 0x65, 0x64, 0x5d, 0x29, 0x2c, 0x20, 0x31, 0x32,
  0x29, 0x20, 0x2b, 0x20, 0x27, 0xe2, 0x80, 0xa6, 0x27, 0x29, 0x3b, 0x0a,
  0x20, 0x20, 0x7d, 0x0a, 0x7d, 0x0a, 0x0a, 0x66, 0x75, 0x6e, 0x63, 0x74,
  0x69, 0x6f, 0x6e, 0x20, 0x63, 0x61, 0x6c, 0x6c, 0x28, 0x64, 0x6f, 0x6d,
  0x61, 0x69, 0x6e, 0x2c, 0x20, 0x73, 0x65, 0x72, 0x76, 0x69, 0x63, 0x65,
  0x2c, 0x20, 0x64, 0x61, 0x74, 0x61, 0x29, 0x20, 0x7b, 0x0a, 0x20, 0x20,
  0x69, 0x66, 0x20, 0x28, 0x21, 0x63, 0x72, 0x65, 0x64, 0x65, 0x6e, 0x74,
  0x69, 0x61, 0x6c, 0x73, 0x52, 0x65, 0x61, 0x64, 0x79, 0x28, 0x29, 0x29,
  0x20, 0x72, 0x65, 0x74, 0x75, 0x72, 0x6e, 0x3b, 0x0a, 0x20, 0x20, 0x6c,
  0x65, 0x74, 0x20, 0x74, 0x65, 0x78, 0x74, 0x3b, 0x0a, 0x20, 0x20, 0x74,
  0x72, 0x79, 0x20, 0x7b, 0x0a, 0x20, 0x20, 0x20, 0x20, 0x74, 0x65, 0x78,
  0x74, 0x20, 0x3d, 0x20, 0x4a, 0x53, 0x4f, 0x4e, 0x2e, 0x73, 0x74, 0x72,
  0x69, 0x6e, 0x67, 0x69, 0x66, 0x79, 0x28, 0x64, 0x61, 0x74, 0x61, 0x20,
  0x7c, 0x7c, 0x20, 0x7b, 0x7d, 0x29, 0x3b, 0x0a, 0x20, 0x20, 0x7d, 0x20,
  0x63, 0x61, 0x74, 0x63, 0x68, 0x20, 0x28, 0x65, 0x29, 0x20, 0x7b, 0x0a,
  0x20, 0x20, 0x20, 0x20, 0x73, 0x65, 0x74, 0x53, 0x74, 0x61, 0x74, 0x75,
  0x73, 0x28, 0x27, 0xe6, 0x9c, 0x8d, 0xe5, 0x8a, 0xa1, 0xe5, 0x8f, 0x82,
  0xe6, 0x95, 0xb0, 0xe4, 0xb8, 0x8d, 0xe6, 0x98, 0xaf, 0xe6, 0x9c, 0x89,
  0xe6, 0x95, 0x88, 0x20, 0x4a, 0x53, 0x4f, 0x4e, 0x27, 0x29, 0x3b, 0x0a,
  0x20, 0x20, 0x20, 0x20, 0x72, 0x65, 0x74, 0x75, 0x72, 0x6e, 0x3b, 0x0a,
  0x20, 0x20, 0x7d, 0x0a, 0x20, 0x20, 0x69, 0x66, 0x20, 0x28, 0x68, 0x61,
  0x2e, 0x63, 0x61, 0x6c, 0x6c, 0x53, 0x65, 0x72, 0x76, 0x69, 0x63, 0x65,
  0x28, 0x62, 0x61, 0x73, 0x65, 0x2c, 0x20, 0x74, 0x6f, 0x6b, 0x65, 0x6e,
  0x2c, 0x20, 0x64, 0x6f, 0x6d, 0x61, 0x69, 0x6e, 0x2c, 0x20, 0x73, 0x65,
  0x72, 0x76, 0x69, 0x63, 0x65, 0x2c, 0x20, 0x74, 0x65, 0x78, 0x74, 0x29,
  0x29, 0x20, 0x7b, 0x0a, 0x20, 0x20, 0x20, 0x20, 0x70, 0x65, 0x6e, 0x64,
  0x69, 0x6e, 0x67, 0x20, 0x3d, 0x20, 0x27, 0x73, 0x65, 0x72, 0x76, 0x69,
  0x63, 0x65, 0x27, 0x3b, 0x0a, 0x20, 0x20, 0x20, 0x20, 0x73, 0x65, 0x74,
  0x53, 0x74, 0x61, 0x74, 0x75, 0x73, 0x28, 0x27, 0xe6, 0x89, 0xa7, 0xe8,
  0xa1, 0x8c, 0x20, 0x27, 0x20, 0x2b, 0x20, 0x64, 0x6f, 0x6d, 0x61, 0x69,
  0x6e, 0x20, 0x2b, 0x20, 0x27, 0x2e, 0x27, 0x20, 0x2b, 0x20, 0x73, 0x65,
  0x72, 0x76, 0x69, 0x63, 0x65, 0x20, 0x2b, 0x20, 0x27, 0xe2, 0x80, 0xa6,
  0x27, 0x29, 0x3b, 0x0a, 0x20, 0x20, 0x7d, 0x20, 0x65, 0x6c, 0x73, 0x65,
  0x20, 0x7b, 0x0a, 0x20, 0x20, 0x20, 0x20, 0x73, 0x65, 0x74, 0x53, 0x74,
  0x61, 0x74, 0x75, 0x73, 0x28, 0x27, 0xe8, 0xaf, 0xb7, 0xe6, 0xb1, 0x82,
  0xe5, 0xbf, 0x99, 0xe6, 0x88, 0x96, 0xe5, 0x8f, 0x82, 0xe6, 0x95, 0xb0,
  0xe6, 0x97, 0xa0, 0xe6, 0x95, 0x88, 0x27, 0x29, 0x3b, 0x0a, 0x20, 0x20,
  0x7d, 0x0a, 0x7d, 0x0a, 0x0a, 0x66, 0x75, 0x6e, 0x63, 0x74, 0x69, 0x6f,
  0x6e, 0x20, 0x73, 0x65, 0x6c, 0x65, 0x63, 0x74, 0x65, 0x64, 0x43, 0x61,
  0x6c, 0x6c, 0x28, 0x73, 0x65, 0x72, 0x76, 0x69, 0x63, 0x65, 0x2c, 0x20,
  0x65, 0x78, 0x74, 0x72, 0x61, 0x29, 0x20, 0x7b, 0x0a, 0x20, 0x20, 0x69,
  0x66, 0x20, 0x28, 0x73, 0x65, 0x6c, 0x65, 0x63, 0x74, 0x65, 0x64, 0x20,
  0x3c, 0x20, 0x30, 0x29, 0x20, 0x7b, 0x0a, 0x20, 0x20, 0x20, 0x20, 0x73,
  0x65, 0x74, 0x53, 0x74, 0x61, 0x74, 0x75, 0x73, 0x28, 0x27, 0xe8, 0xaf,
  0xb7, 0xe5, 0x85, 0x88, 0xe9, 0x80, 0x89, 0xe6, 0x8b, 0xa9, 0xe8, 0xae,
  0xbe, 0xe5, 0xa4, 0x87, 0x27, 0x29, 0x3b, 0x0a, 0x20, 0x20, 0x20, 0x20,
  0x72, 0x65, 0x74, 0x75, 0x72, 0x6e, 0x3b, 0x0a, 0x20, 0x20, 0x7d, 0x0a,
  0x20, 0x20, 0x63, 0x6f, 0x6e, 0x73, 0x74, 0x20, 0x69, 0x64, 0x20, 0x3d,
  0x20, 0x65, 0x6e, 0x74, 0x69, 0x74, 0x69, 0x65, 0x73, 0x5b, 0x73, 0x65,
  0x6c, 0x65, 0x63, 0x74, 0x65, 0x64, 0x5d, 0x2e, 0x65, 0x6e, 0x74, 0x69,
  0x74, 0x79, 0x5f, 0x69, 0x64, 0x3b, 0x0a, 0x20, 0x20, 0x63, 0x6f, 0x6e,
  0x73, 0x74, 0x20, 0x70, 0x61, 0x72, 0x74, 0x73, 0x20, 0x3d, 0x20, 0x73,
  0x70, 0x6c, 0x69, 0x74, 0x45, 0x6e, 0x74, 0x69, 0x74, 0x79, 0x49, 0x64,
  0x28, 0x69, 0x64, 0x29, 0x3b, 0x0a, 0x20, 0x20, 0x63, 0x6f, 0x6e, 0x73,
  0x74, 0x20, 0x64, 0x6f, 0x6d, 0x61, 0x69, 0x6e, 0x20, 0x3d, 0x20, 0x70,
  0x61, 0x72, 0x74, 0x73, 0x20, 0x3f, 0x20, 0x70, 0x61, 0x72, 0x74, 0x73,
  0x5b, 0x30, 0x5d, 0x20, 0x3a, 0x20, 0x27, 0x27, 0x3b, 0x0a, 0x20, 0x20,
  0x63, 0x6f, 0x6e, 0x73, 0x74, 0x20, 0x64, 0x61, 0x74, 0x61, 0x20, 0x3d,
  0x20, 0x65, 0x78, 0x74, 0x72, 0x61, 0x20, 0x7c, 0x7c, 0x20, 0x7b, 0x7d,
  0x3b, 0x0a, 0x20, 0x20, 0x64, 0x61, 0x74, 0x61, 0x2e, 0x65, 0x6e, 0x74,
  0x69, 0x74, 0x79, 0x5f, 0x69, 0x64, 0x20, 0x3d, 0x20, 0x69, 0x64, 0x3b,
  0x0a, 0x20, 0x20, 0x63, 0x61, 0x6c, 0x6c, 0x28, 0x64, 0x6f, 0x6d, 0x61,
  0x69, 0x6e, 0x2c, 0x20, 0x73, 0x65, 0x72, 0x76, 0x69, 0x63, 0x65, 0x2c,
  0x20, 0x64, 0x61, 0x74, 0x61, 0x29, 0x3b, 0x0a, 0x7d, 0x0a, 0x0a, 0x66,
  0x75, 0x6e, 0x63, 0x74, 0x69, 0x6f, 0x6e, 0x20, 0x63, 0x6f, 0x6e, 0x74,
  0x65, 0x78, 0x74, 0x75, 0x61, 0x6c, 0x28, 0x61, 0x63, 0x74, 0x69, 0x6f,
  0x6e, 0x29, 0x20, 0x7b, 0x0a, 0x20, 0x20, 0x69, 0x66, 0x20, 0x28, 0x73,
  0x65, 0x6c, 0x65, 0x63, 0x74, 0x65, 0x64, 0x20, 0x3c, 0x20, 0x30, 0x29,
  0x20, 0x7b, 0x0a, 0x20, 0x20, 0x20, 0x20, 0x73, 0x65, 0x74, 0x53, 0x74,
  0x61, 0x74, 0x75, 0x73, 0x28, 0x27, 0xe8, 0xaf, 0xb7, 0xe5, 0x85, 0x88,
  0xe9, 0x80, 0x89, 0xe6, 0x8b, 0xa9, 0xe8, 0xae, 0xbe, 0xe5, 0xa4, 0x87,
  0x27, 0x29, 0x3b, 0x0a, 0x20, 0x20, 0x20, 0x20, 0x72, 0x65, 0x74, 0x75,
  0x72, 0x6e, 0x3b, 0x0a, 0x20, 0x20, 0x7d, 0x0a, 0x20, 0x20, 0x63, 0x6f,
  0x6e, 0x73, 0x74, 0x20, 0x61, 0x63, 0x74, 0x69, 0x6f, 0x6e, 0x50, 0x61,
  0x72, 0x74, 0x73, 0x20, 0x3d, 0x20, 0x73, 0x70, 0x6c, 0x69, 0x74, 0x45,
  0x6e, 0x74, 0x69, 0x74, 0x79, 0x49, 0x64, 0x28, 0x65, 0x6e, 0x74, 0x69,
  0x74, 0x69, 0x65, 0x73, 0x5b, 0x73, 0x65, 0x6c, 0x65, 0x63, 0x74, 0x65,
  0x64, 0x5d, 0x2e, 0x65, 0x6e, 0x74, 0x69, 0x74, 0x79, 0x5f, 0x69, 0x64,
  0x29, 0x3b, 0x0a, 0x20, 0x20, 0x63, 0x6f, 0x6e, 0x73, 0x74, 0x20, 0x64,
  0x6f, 0x6d, 0x61, 0x69, 0x6e, 0x20, 0x3d, 0x20, 0x61, 0x63, 0x74, 0x69,
  0x6f, 0x6e, 0x50, 0x61, 0x72, 0x74, 0x73, 0x20, 0x3f, 0x20, 0x61, 0x63,
  0x74, 0x69, 0x6f, 0x6e, 0x50, 0x61, 0x72, 0x74, 0x73, 0x5b, 0x30, 0x5d,
  0x20, 0x3a, 0x20, 0x27, 0x27, 0x3b, 0x0a, 0x20, 0x20, 0x63, 0x6f, 0x6e,
  0x73, 0x74, 0x20, 0x73, 0x65, 0x72, 0x76, 0x69, 0x63, 0x65, 0x73, 0x20,
  0x3d, 0x20, 0x7b, 0x0a, 0x20, 0x20, 0x20, 0x20, 0x63, 0x6f, 0x76, 0x65,
  0x72, 0x3a, 0x20, 0x5b, 0x27, 0x6f, 0x70, 0x65, 0x6e, 0x5f, 0x63, 0x6f,
  0x76, 0x65, 0x72, 0x27, 0x2c, 0x20, 0x27, 0x73, 0x74, 0x6f, 0x70, 0x5f,
  0x63, 0x6f, 0x76, 0x65, 0x72, 0x27, 0x2c, 0x20, 0x27, 0x63, 0x6c, 0x6f,
  0x73, 0x65, 0x5f, 0x63, 0x6f, 0x76, 0x65, 0x72, 0x27, 0x5d, 0x2c, 0x0a,
  0x20, 0x20, 0x20, 0x20, 0x6c, 0x6f, 0x63, 0x6b, 0x3a, 0x20, 0x5b, 0x27,
  0x6c, 0x6f, 0x63, 0x6b, 0x27, 0x2c, 0x20, 0x27, 0x6f, 0x70, 0x65, 0x6e,
  0x27, 0x2c, 0x20, 0x27, 0x75, 0x6e, 0x6c, 0x6f, 0x63, 0x6b, 0x27, 0x5d,
  0x2c, 0x0a, 0x20, 0x20, 0x20, 0x20, 0x6d, 0x65, 0x64, 0x69, 0x61, 0x5f,
  0x70, 0x6c, 0x61, 0x79, 0x65, 0x72, 0x3a, 0x20, 0x5b, 0x27, 0x6d, 0x65,
  0x64, 0x69, 0x61, 0x5f, 0x70, 0x6c, 0x61, 0x79, 0x5f, 0x70, 0x61, 0x75,
  0x73, 0x65, 0x27, 0x2c, 0x20, 0x27, 0x76, 0x6f, 0x6c, 0x75, 0x6d, 0x65,
  0x5f, 0x75, 0x70, 0x27, 0x2c, 0x20, 0x27, 0x76, 0x6f, 0x6c, 0x75, 0x6d,
  0x65, 0x5f, 0x64, 0x6f, 0x77, 0x6e, 0x27, 0x5d, 0x2c, 0x0a, 0x20, 0x20,
  0x20, 0x20, 0x76, 0x61, 0x63, 0x75, 0x75, 0x6d, 0x3a, 0x20, 0x5b, 0x27,
  0x73, 0x74, 0x61, 0x72, 0x74, 0x27, 0x2c, 0x20, 0x27, 0x73, 0x74, 0x6f,
  0x70, 0x27, 0x2c, 0x20, 0x27, 0x72, 0x65, 0x74, 0x75, 0x72, 0x6e, 0x5f,
  0x74, 0x6f, 0x5f, 0x62, 0x61, 0x73, 0x65, 0x27, 0x5d, 0x2c, 0x0a, 0x20,
  0x20, 0x20, 0x20, 0x63, 0x6c, 0x69, 0x6d, 0x61, 0x74, 0x65, 0x3a, 0x20,
  0x5b, 0x27, 0x74, 0x75, 0x72, 0x6e, 0x5f, 0x6f, 0x6e, 0x27, 0x2c, 0x20,
  0x27, 0x74, 0x75, 0x72, 0x6e, 0x5f, 0x6f, 0x66, 0x66, 0x27, 0x2c, 0x20,
  0x27, 0x74, 0x6f, 0x67, 0x67, 0x6c, 0x65, 0x27, 0x5d, 0x2c, 0x0a, 0x20,
  0x20, 0x20, 0x20, 0x73, 0x63, 0x65, 0x6e, 0x65, 0x3a, 0x20, 0x5b, 0x27,
  0x74, 0x75, 0x72, 0x6e, 0x5f, 0x6f, 0x6e, 0x27, 0x2c, 0x20, 0x27, 0x74,
  0x75, 0x72, 0x6e, 0x5f, 0x6f, 0x6e, 0x27, 0x2c, 0x20, 0x27, 0x74, 0x75,
  0x72, 0x6e, 0x5f, 0x6f, 0x6e, 0x27, 0x5d, 0x2c, 0x0a, 0x20, 0x20, 0x20,
  0x20, 0x73, 0x63, 0x72, 0x69, 0x70, 0x74, 0x3a, 0x20, 0x5b, 0x27, 0x74,
  0x75, 0x72, 0x6e, 0x5f, 0x6f, 0x6e, 0x27, 0x2c, 0x20, 0x27, 0x74, 0x75,
  0x72, 0x6e, 0x5f, 0x6f, 0x66, 0x66, 0x27, 0x2c, 0x20, 0x27, 0x74, 0x6f,
  0x67, 0x67, 0x6c, 0x65, 0x27, 0x5d, 0x2c, 0x0a, 0x20, 0x20, 0x20, 0x20,
  0x61, 0x75, 0x74, 0x6f, 0x6d, 0x61, 0x74, 0x69, 0x6f, 0x6e, 0x3a, 0x20,
  0x5b, 0x27, 0x74, 0x75, 0x72, 0x6e, 0x5f, 0x6f, 0x6e, 0x27, 0x2c, 0x20,
  0x27, 0x74, 0x75, 0x72, 0x6e, 0x5f, 0x6f, 0x66, 0x66, 0x27, 0x2c, 0x20,
  0x27, 0x74, 0x6f, 0x67, 0x67, 0x6c, 0x65, 0x27, 0x5d, 0x2c, 0x0a, 0x20,
  0x20, 0x20, 0x20, 0x62, 0x75, 0x74, 0x74, 0x6f, 0x6e, 0x3a, 0x20, 0x5b,
  0x27, 0x70, 0x72, 0x65, 0x73, 0x73, 0x27, 0x2c, 0x20, 0x27, 0x70, 0x72,
  0x65, 0x73, 0x73, 0x27, 0x2c, 0x20, 0x27, 0x70, 0x72, 0x65, 0x73, 0x73,
  0x27, 0x5d, 0x2c, 0x0a, 0x20, 0x20, 0x20, 0x20, 0x69, 0x6e, 0x70, 0x75,
  0x74, 0x5f, 0x62, 0x75, 0x74, 0x74, 0x6f, 0x6e, 0x3a, 0x20, 0x5b, 0x27,
  0x70, 0x72, 0x65, 0x73, 0x73, 0x27, 0x2c, 0x20, 0x27, 0x70, 0x72, 0x65,
  0x73, 0x73, 0x27, 0x2c, 0x20, 0x27, 0x70, 0x72, 0x65, 0x73, 0x73, 0x27,
  0x5d, 0x0a, 0x20, 0x20, 0x7d, 0x3b, 0x0a, 0x20, 0x20, 0x63, 0x6f, 0x6e,
  0x73, 0x74, 0x20, 0x6e, 0x61, 0x6d, 0x65, 0x73, 0x20, 0x3d, 0x20, 0x73,
  0x65, 0x72, 0x76, 0x69, 0x63, 0x65, 0x73, 0x5b, 0x64, 0x6f, 0x6d, 0x61,
  0x69, 0x6e, 0x5d, 0x20, 0x7c, 0x7c, 0x20, 0x5b, 0x27, 0x74, 0x75, 0x72,
  0x6e, 0x5f, 0x6f, 0x6e, 0x27, 0x2c, 0x20, 0x27, 0x74, 0x75, 0x72, 0x6e,
  0x5f, 0x6f, 0x66, 0x66, 0x27, 0x2c, 0x20, 0x27, 0x74, 0x6f, 0x67, 0x67,
  0x6c, 0x65, 0x27, 0x5d, 0x3b, 0x0a, 0x20, 0x20, 0x73, 0x65, 0x6c, 0x65,
  0x63, 0x74, 0x65, 0x64, 0x43, 0x61, 0x6c, 0x6c, 0x28, 0x6e, 0x61, 0x6d,
  0x65, 0x73, 0x5b, 0x61, 0x63, 0x74, 0x69, 0x6f, 0x6e, 0x5d, 0x29, 0x3b,
  0x0a, 0x7d, 0x0a, 0x0a, 0x66, 0x75, 0x6e, 0x63, 0x74, 0x69, 0x6f, 0x6e,
  0x20, 0x70, 0x72, 0x65, 0x76, 0x69, 0x6f, 0x75, 0x73, 0x50, 0x61, 0x67,
  0x65, 0x28, 0x29, 0x20, 0x7b, 0x0a, 0x20, 0x20, 0x69, 0x66, 0x20, 0x28,
  0x70, 0x61, 0x67, 0x65, 0x20, 0x3e, 0x20, 0x30, 0x29, 0x20, 0x70, 0x61,
  0x67, 0x65, 0x2d, 0x2d, 0x3b, 0x0a, 0x20, 0x20, 0x72, 0x65, 0x6e, 0x64,
  0x65, 0x72, 0x28, 0x29, 0x3b, 0x0a, 0x7d, 0x0a, 0x0a, 0x66, 0x75, 0x6e,
  0x63, 0x74, 0x69, 0x6f, 0x6e, 0x20, 0x6e, 0x65, 0x78, 0x74, 0x50, 0x61,
  0x67, 0x65, 0x28, 0x29, 0x20, 0x7b, 0x0a, 0x20, 0x20, 0x69, 0x66, 0x20,
  0x28, 0x28, 0x70, 0x61, 0x67, 0x65, 0x20, 0x2b, 0x20, 0x31, 0x29, 0x20,
  0x2a, 0x20, 0x50, 0x41, 0x47, 0x45, 0x5f, 0x53, 0x49, 0x5a, 0x45, 0x20,
  0x3c, 0x20, 0x65, 0x6e, 0x74, 0x69, 0x74, 0x69, 0x65, 0x73, 0x2e, 0x6c,
  0x65, 0x6e, 0x67, 0x74, 0x68, 0x29, 0x20, 0x70, 0x61, 0x67, 0x65, 0x2b,
  0x2b, 0x3b, 0x0a, 0x20, 0x20, 0x72, 0x65, 0x6e, 0x64, 0x65, 0x72, 0x28,
  0x29, 0x3b, 0x0a, 0x7d, 0x0a, 0x0a, 0x66, 0x75, 0x6e, 0x63, 0x74, 0x69,
  0x6f, 0x6e, 0x20, 0x63, 0x6f, 0x6e, 0x66, 0x69, 0x67, 0x75, 0x72, 0x65,
  0x55, 0x72, 0x6c, 0x28, 0x29, 0x20, 0x7b, 0x0a, 0x20, 0x20, 0x70, 0x72,
  0x6f, 0x6d, 0x70, 0x74, 0x2e, 0x69, 0x6e, 0x70, 0x75, 0x74, 0x28, 0x7b,
  0x74, 0x69, 0x74, 0x6c, 0x65, 0x3a, 0x20, 0x27, 0x48, 0x6f, 0x6d, 0x65,
  0x20, 0x41, 0x73, 0x73, 0x69, 0x73, 0x74, 0x61, 0x6e, 0x74, 0x20, 0xe5,
  0x9c, 0xb0, 0xe5, 0x9d, 0x80, 0x27, 0x2c, 0x20, 0x76, 0x61, 0x6c, 0x75,
  0x65, 0x3a, 0x20, 0x62, 0x61, 0x73, 0x65, 0x2c, 0x20, 0x6d, 0x61, 0x78,
  0x4c, 0x65, 0x6e, 0x67, 0x74, 0x68, 0x3a, 0x20, 0x31, 0x32, 0x30, 0x7d,
  0x2c, 0x0a, 0x20, 0x20, 0x20, 0x20, 0x20, 0x20, 0x20, 0x20, 0x20, 0x20,
  0x20, 0x20, 0x20, 0x20, 0x20, 0x66, 0x75, 0x6e, 0x63, 0x74, 0x69, 0x6f,
  0x6e, 0x20, 0x28, 0x76, 0x61, 0x6c, 0x75, 0x65, 0x29, 0x20, 0x7b, 0x0a,
  0x20, 0x20, 0x20, 0x20, 0x69, 0x66, 0x20, 0x28, 0x21, 0x76, 0x61, 0x6c,
  0x75, 0x65, 0x29, 0x20, 0x72, 0x65, 0x74, 0x75, 0x72, 0x6e, 0x3b, 0x0a,
  0x20, 0x20, 0x20, 0x20, 0x62, 0x61, 0x73, 0x65, 0x20, 0x3d, 0x20, 0x76,
  0x61, 0x6c, 0x75, 0x65, 0x3b, 0x0a, 0x20, 0x20, 0x20, 0x20, 0x73, 0x74,
  0x6f, 0x72, 0x61, 0x67, 0x65, 0x2e, 0x73, 0x65, 0x74, 0x28, 0x27, 0x68,
  0x61, 0x5f, 0x75, 0x72, 0x6c, 0x27, 0x2c, 0x20, 0x62, 0x61, 0x73, 0x65,
  0x29, 0x3b, 0x0a, 0x20, 0x20, 0x20, 0x20, 0x73, 0x65, 0x74, 0x53, 0x74,
  0x61, 0x74, 0x75, 0x73, 0x28, 0x27, 0xe5, 0x9c, 0xb0, 0xe5, 0x9d, 0x80,
  0xe5, 0xb7, 0xb2, 0xe4, 0xbf, 0x9d, 0xe5, 0xad, 0x98, 0x27, 0x29, 0x3b,
  0x0a, 0x20, 0x20, 0x7d, 0x29, 0x3b, 0x0a, 0x7d, 0x0a, 0x0a, 0x66, 0x75,
  0x6e, 0x63, 0x74, 0x69, 0x6f, 0x6e, 0x20, 0x63, 0x6f, 0x6e, 0x66, 0x69,
  0x67, 0x75, 0x72, 0x65, 0x54, 0x6f, 0x6b, 0x65, 0x6e, 0x28, 0x29, 0x20,
  0x7b, 0x0a, 0x20, 0x20, 0x70, 0x72, 0x6f, 0x6d, 0x70, 0x74, 0x2e, 0x69,
  0x6e, 0x70, 0x75, 0x74, 0x28, 0x7b, 0x74, 0x69, 0x74, 0x6c, 0x65, 0x3a,
  0x20, 0x27, 0xe9, 0x95, 0xbf, 0xe6, 0x9c, 0x9f, 0xe8, 0xae, 0xbf, 0xe9,
  0x97, 0xae, 0xe4, 0xbb, 0xa4, 0xe7, 0x89, 0x8c, 0x27, 0x2c, 0x20, 0x70,
  0x6c, 0x61, 0x63, 0x65, 0x68, 0x6f, 0x6c, 0x64, 0x65, 0x72, 0x3a, 0x20,
  0x27, 0xe7, 0xb2, 0x98, 0xe8, 0xb4, 0xb4, 0x20, 0x54, 0x6f, 0x6b, 0x65,
  0x6e, 0x27, 0x2c, 0x0a, 0x20, 0x20, 0x20, 0x20, 0x20, 0x20, 0x20, 0x20,
  0x20, 0x20, 0x20, 0x20, 0x20, 0x20, 0x20, 0x20, 0x6d, 0x61, 0x78, 0x4c,
  0x65, 0x6e, 0x67, 0x74, 0x68, 0x3a, 0x20, 0x35, 0x31, 0x32, 0x2c, 0x20,
  0x70, 0x61, 0x73, 0x73, 0x77, 0x6f, 0x72, 0x64, 0x3a, 0x20, 0x74, 0x72,
  0x75, 0x65, 0x7d, 0x2c, 0x20, 0x66, 0x75, 0x6e, 0x63, 0x74, 0x69, 0x6f,
  0x6e, 0x20, 0x28, 0x76, 0x61, 0x6c, 0x75, 0x65, 0x29, 0x20, 0x7b, 0x0a,
  0x20, 0x20, 0x20, 0x20, 0x69, 0x66, 0x20, 0x28, 0x21, 0x76, 0x61, 0x6c,
  0x75, 0x65, 0x29, 0x20, 0x72, 0x65, 0x74, 0x75, 0x72, 0x6e, 0x3b, 0x0a,
  0x20, 0x20, 0x20, 0x20, 0x74, 0x6f, 0x6b, 0x65, 0x6e, 0x20, 0x3d, 0x20,
  0x76, 0x61, 0x6c, 0x75, 0x65, 0x3b, 0x0a, 0x20, 0x20, 0x20, 0x20, 0x73,
  0x74, 0x6f, 0x72, 0x61, 0x67, 0x65, 0x2e, 0x73, 0x65, 0x74, 0x28, 0x27,
  0x68, 0x61, 0x5f, 0x74, 0x6f, 0x6b, 0x65, 0x6e, 0x27, 0x2c, 0x20, 0x74,
  0x6f, 0x6b, 0x65, 0x6e, 0x29, 0x3b, 0x0a, 0x20, 0x20, 0x20, 0x20, 0x73,
  0x65, 0x74, 0x53, 0x74, 0x61, 0x74, 0x75, 0x73, 0x28, 0x27, 0xe4, 0xbb,
  0xa4, 0xe7, 0x89, 0x8c, 0xe5, 0xb7, 0xb2, 0xe4, 0xbf, 0x9d, 0xe5, 0xad,
  0x98, 0x27, 0x29, 0x3b, 0x0a, 0x20, 0x20, 0x7d, 0x29, 0x3b, 0x0a, 0x7d,
  0x0a, 0x0a, 0x66, 0x75, 0x6e, 0x63, 0x74, 0x69, 0x6f, 0x6e, 0x20, 0x63,
  0x6f, 0x6e, 0x66, 0x69, 0x67, 0x75, 0x72, 0x65, 0x41, 0x64, 0x76, 0x61,
  0x6e, 0x63, 0x65, 0x64, 0x44, 0x61, 0x74, 0x61, 0x28, 0x29, 0x20, 0x7b,
  0x0a, 0x20, 0x20, 0x70, 0x72, 0x6f, 0x6d, 0x70, 0x74, 0x2e, 0x69, 0x6e,
  0x70, 0x75, 0x74, 0x28, 0x7b, 0x74, 0x69, 0x74, 0x6c, 0x65, 0x3a, 0x20,
  0x27, 0xe6, 0x9c, 0x8d, 0xe5, 0x8a, 0xa1, 0x20, 0x4a, 0x53, 0x4f, 0x4e,
  0x20, 0xe6, 0x95, 0xb0, 0xe6, 0x8d, 0xae, 0x27, 0x2c, 0x20, 0x76, 0x61,
  0x6c, 0x75, 0x65, 0x3a, 0x20, 0x61, 0x64, 0x76, 0x61, 0x6e, 0x63, 0x65,
  0x64, 0x44, 0x61, 0x74, 0x61, 0x2c, 0x20, 0x6d, 0x61, 0x78, 0x4c, 0x65,
  0x6e, 0x67, 0x74, 0x68, 0x3a, 0x20, 0x32, 0x30, 0x34, 0x37, 0x7d, 0x2c,
  0x0a, 0x20, 0x20, 0x20, 0x20, 0x20, 0x20, 0x20, 0x20, 0x20, 0x20, 0x20,
  0x20, 0x20, 0x20, 0x20, 0x66, 0x75, 0x6e, 0x63, 0x74, 0x69, 0x6f, 0x6e,
  0x20, 0x28, 0x76, 0x61, 0x6c, 0x75, 0x65, 0x29, 0x20, 0x7b, 0x0a, 0x20,
  0x20, 0x20, 0x20, 0x69, 0x66, 0x20, 0x28, 0x21, 0x76, 0x61, 0x6c, 0x75,
  0x65, 0x29, 0x20, 0x72, 0x65, 0x74, 0x75, 0x72, 0x6e, 0x3b, 0x0a, 0x20,
  0x20, 0x20, 0x20, 0x74, 0x72, 0x79, 0x20, 0x7b, 0x0a, 0x20, 0x20, 0x20,
  0x20, 0x20, 0x20, 0x4a, 0x53, 0x4f, 0x4e, 0x2e, 0x70, 0x61, 0x72, 0x73,
  0x65, 0x28, 0x76, 0x61, 0x6c, 0x75, 0x65, 0x29, 0x3b, 0x0a, 0x20, 0x20,
  0x20, 0x20, 0x7d, 0x20, 0x63, 0x61, 0x74, 0x63, 0x68, 0x20, 0x28, 0x65,
  0x29, 0x20, 0x7b, 0x0a, 0x20, 0x20, 0x20, 0x20, 0x20, 0x20, 0x73, 0x65,
  0x74, 0x53, 0x74, 0x61, 0x74, 0x75, 0x73, 0x28, 0x27, 0x4a, 0x53, 0x4f,
  0x4e, 0x20, 0xe6, 0xa0, 0xbc, 0xe5, 0xbc, 0x8f, 0xe9, 0x94, 0x99, 0xe8,
  0xaf, 0xaf, 0x27, 0x29, 0x3b, 0x0a, 0x20, 0x20, 0x20, 0x20, 0x20, 0x20,
  0x72, 0x65, 0x74, 0x75, 0x72, 0x6e, 0x3b, 0x0a, 0x20, 0x20, 0x20, 0x20,
  0x7d, 0x0a, 0x20, 0x20, 0x20, 0x20, 0x61, 0x64, 0x76, 0x61, 0x6e, 0x63,
  0x65, 0x64, 0x44, 0x61, 0x74, 0x61, 0x20, 0x3d, 0x20, 0x76, 0x61, 0x6c,
  0x75, 0x65, 0x3b, 0x0a, 0x20, 0x20, 0x20, 0x20, 0x73, 0x74, 0x6f, 0x72,
  0x61, 0x67, 0x65, 0x2e, 0x73, 0x65, 0x74, 0x28, 0x27, 0x68, 0x61, 0x5f,
  0x64, 0x61, 0x74, 0x61, 0x27, 0x2c, 0x20, 0x61, 0x64, 0x76, 0x61, 0x6e,
  0x63, 0x65, 0x64, 0x44, 0x61, 0x74, 0x61, 0x29, 0x3b, 0x0a, 0x20, 0x20,
  0x20, 0x20, 0x73, 0x65, 0x74, 0x53, 0x74, 0x61, 0x74, 0x75, 0x73, 0x28,
  0x27, 0xe6, 0x9c, 0x8d, 0xe5, 0x8a, 0xa1, 0xe6, 0x95, 0xb0, 0xe6, 0x8d,
  0xae, 0xe5, 0xb7, 0xb2, 0xe4, 0xbf, 0x9d, 0xe5, 0xad, 0x98, 0x27, 0x29,
  0x3b, 0x0a, 0x20, 0x20, 0x7d, 0x29, 0x3b, 0x0a, 0x7d, 0x0a, 0x0a, 0x66,
  0x75, 0x6e, 0x63, 0x74, 0x69, 0x6f, 0x6e, 0x20, 0x63, 0x6f, 0x6e, 0x66,
  0x69, 0x67, 0x75, 0x72, 0x65, 0x41, 0x64, 0x76, 0x61, 0x6e, 0x63, 0x65,
  0x64, 0x53, 0x65, 0x72, 0x76, 0x69, 0x63, 0x65, 0x28, 0x29, 0x20, 0x7b,
  0x0a, 0x20, 0x20, 0x70, 0x72, 0x6f, 0x6d, 0x70, 0x74, 0x2e, 0x69, 0x6e,
  0x70, 0x75, 0x74, 0x28, 0x7b, 0x74, 0x69, 0x74, 0x6c, 0x65, 0x3a, 0x20,
  0x27, 0x64, 0x6f, 0x6d, 0x61, 0x69, 0x6e, 0x2e, 0x73, 0x65, 0x72, 0x76,
  0x69, 0x63, 0x65, 0x27, 0x2c, 0x0a, 0x20, 0x20, 0x20, 0x20, 0x20, 0x20,
  0x20, 0x20, 0x20, 0x20, 0x20, 0x20, 0x20, 0x20, 0x20, 0x20, 0x76, 0x61,
  0x6c, 0x75, 0x65, 0x3a, 0x20, 0x61, 0x64, 0x76, 0x61, 0x6e, 0x63, 0x65,
  0x64, 0x44, 0x6f, 0x6d, 0x61, 0x69, 0x6e, 0x20, 0x2b, 0x20, 0x27, 0x2e,
  0x27, 0x20, 0x2b, 0x20, 0x61, 0x64, 0x76, 0x61, 0x6e, 0x63, 0x65, 0x64,
  0x53, 0x65, 0x72, 0x76, 0x69, 0x63, 0x65, 0x2c, 0x0a, 0x20, 0x20, 0x20,
  0x20, 0x20, 0x20, 0x20, 0x20, 0x20, 0x20, 0x20, 0x20, 0x20, 0x20, 0x20,
  0x20, 0x6d, 0x61, 0x78, 0x4c, 0x65, 0x6e, 0x67, 0x74, 0x68, 0x3a, 0x20,
  0x39, 0x36, 0x7d, 0x2c, 0x20, 0x66, 0x75, 0x6e, 0x63, 0x74, 0x69, 0x6f,
  0x6e, 0x20, 0x28, 0x76, 0x61, 0x6c, 0x75, 0x65, 0x29, 0x20, 0x7b, 0x0a,
  0x20, 0x20, 0x20, 0x20, 0x63, 0x6f, 0x6e, 0x73, 0x74, 0x20, 0x70, 0x61,
  0x72, 0x74, 0x73, 0x20, 0x3d, 0x20, 0x28, 0x76, 0x61, 0x6c, 0x75, 0x65,
  0x20, 0x7c, 0x7c, 0x20, 0x27, 0x27, 0x29, 0x2e, 0x73, 0x70, 0x6c, 0x69,
  0x74, 0x28, 0x27, 0x2e, 0x27, 0x29, 0x3b, 0x0a, 0x20, 0x20, 0x20, 0x20,
  0x69, 0x66, 0x20, 0x28, 0x70, 0x61, 0x72, 0x74, 0x73, 0x2e, 0x6c, 0x65,
  0x6e, 0x67, 0x74, 0x68, 0x20, 0x21, 0x3d, 0x3d, 0x20, 0x32, 0x20, 0x7c,
  0x7c, 0x20, 0x21, 0x70, 0x61, 0x72, 0x74, 0x73, 0x5b, 0x30, 0x5d, 0x20,
  0x7c, 0x7c, 0x20, 0x21, 0x70, 0x61, 0x72, 0x74, 0x73, 0x5b, 0x31, 0x5d,
  0x29, 0x20, 0x7b, 0x0a, 0x20, 0x20, 0x20, 0x20, 0x20, 0x20, 0x73, 0x65,
  0x74, 0x53, 0x74, 0x61, 0x74, 0x75, 0x73, 0x28, 0x27, 0xe6, 0xa0, 0xbc,
  0xe5, 0xbc, 0x8f, 0xe5, 0xba, 0x94, 0xe4, 0xb8, 0xba, 0x20, 0x64, 0x6f,
  0x6d, 0x61, 0x69, 0x6e, 0x2e, 0x73, 0x65, 0x72, 0x76, 0x69, 0x63, 0x65,
  0x27, 0x29, 0x3b, 0x0a, 0x20, 0x20, 0x20, 0x20, 0x20, 0x20, 0x72, 0x65,
  0x74, 0x75, 0x72, 0x6e, 0x3b, 0x0a, 0x20, 0x20, 0x20, 0x20, 0x7d, 0x0a,
  0x20, 0x20, 0x20, 0x20, 0x61, 0x64, 0x76, 0x61, 0x6e, 0x63, 0x65, 0x64,
  0x44, 0x6f, 0x6d, 0x61, 0x69, 0x6e, 0x20, 0x3d, 0x20, 0x70, 0x61, 0x72,
  0x74, 0x73, 0x5b, 0x30, 0x5d, 0x3b, 0x0a, 0x20, 0x20, 0x20, 0x20, 0x61,
  0x64, 0x76, 0x61, 0x6e, 0x63, 0x65, 0x64, 0x53, 0x65, 0x72, 0x76, 0x69,
  0x63, 0x65, 0x20, 0x3d, 0x20, 0x70, 0x61, 0x72, 0x74, 0x73, 0x5b, 0x31,
  0x5d, 0x3b, 0x0a, 0x20, 0x20, 0x20, 0x20, 0x73, 0x74, 0x6f, 0x72, 0x61,
  0x67, 0x65, 0x2e, 0x73, 0x65, 0x74, 0x28, 0x27, 0x68, 0x61, 0x5f, 0x64,
  0x6f, 0x6d, 0x61, 0x69, 0x6e, 0x27, 0x2c, 0x20, 0x61, 0x64, 0x76, 0x61,
  0x6e, 0x63, 0x65, 0x64, 0x44, 0x6f, 0x6d, 0x61, 0x69, 0x6e, 0x29, 0x3b,
  0x0a, 0x20, 0x20, 0x20, 0x20, 0x73, 0x74, 0x6f, 0x72, 0x61, 0x67, 0x65,
  0x2e, 0x73, 0x65, 0x74, 0x28, 0x27, 0x68, 0x61, 0x5f, 0x73, 0x65, 0x72,
  0x76, 0x69, 0x63, 0x65, 0x27, 0x2c, 0x20, 0x61, 0x64, 0x76, 0x61, 0x6e,
  0x63, 0x65, 0x64, 0x53, 0x65, 0x72, 0x76, 0x69, 0x63, 0x65, 0x29, 0x3b,
  0x0a, 0x20, 0x20, 0x20, 0x20, 0x73, 0x65, 0x74, 0x53, 0x74, 0x61, 0x74,
  0x75, 0x73, 0x28, 0x27, 0xe9, 0xab, 0x98, 0xe7, 0xba, 0xa7, 0xe6, 0x9c,
  0x8d, 0xe5, 0x8a, 0xa1, 0xe5, 0xb7, 0xb2, 0xe4, 0xbf, 0x9d, 0xe5, 0xad,
  0x98, 0x27, 0x29, 0x3b, 0x0a, 0x20, 0x20, 0x7d, 0x29, 0x3b, 0x0a, 0x7d,
  0x0a, 0x0a, 0x66, 0x75, 0x6e, 0x63, 0x74, 0x69, 0x6f, 0x6e, 0x20, 0x72,
  0x75, 0x6e, 0x41, 0x64, 0x76, 0x61, 0x6e, 0x63, 0x65, 0x64, 0x28, 0x29,
  0x20, 0x7b, 0x0a, 0x20, 0x20, 0x6c, 0x65, 0x74, 0x20, 0x64, 0x61, 0x74,
  0x61, 0x3b, 0x0a, 0x20, 0x20, 0x74, 0x72, 0x79, 0x20, 0x7b, 0x0a, 0x20,
  0x20, 0x20, 0x20, 0x64, 0x61, 0x74, 0x61, 0x20, 0x3d, 0x20, 0x4a, 0x53,
  0x4f, 0x4e, 0x2e, 0x70, 0x61, 0x72, 0x73, 0x65, 0x28, 0x61, 0x64, 0x76,
  0x61, 0x6e, 0x63, 0x65, 0x64, 0x44, 0x61, 0x74, 0x61, 0x29, 0x3b, 0x0a,
  0x20, 0x20, 0x7d, 0x20, 0x63, 0x61, 0x74, 0x63, 0x68, 0x20, 0x28, 0x65,
  0x29, 0x20, 0x7b, 0x0a, 0x20, 0x20, 0x20, 0x20, 0x73, 0x65, 0x74, 0x53,
  0x74, 0x61, 0x74, 0x75, 0x73, 0x28, 0x27, 0x4a, 0x53, 0x4f, 0x4e, 0x20,
  0xe6, 0xa0, 0xbc, 0xe5, 0xbc, 0x8f, 0xe9, 0x94, 0x99, 0xe8, 0xaf, 0xaf,
  0x27, 0x29, 0x3b, 0x0a, 0x20, 0x20, 0x20, 0x20, 0x72, 0x65, 0x74, 0x75,
  0x72, 0x6e, 0x3b, 0x0a, 0x20, 0x20, 0x7d, 0x0a, 0x20, 0x20, 0x63, 0x61,
  0x6c, 0x6c, 0x28, 0x61, 0x64, 0x76, 0x61, 0x6e, 0x63, 0x65, 0x64, 0x44,
  0x6f, 0x6d, 0x61, 0x69, 0x6e, 0x2c, 0x20, 0x61, 0x64, 0x76, 0x61, 0x6e,
  0x63, 0x65, 0x64, 0x53, 0x65, 0x72, 0x76, 0x69, 0x63, 0x65, 0x2c, 0x20,
  0x64, 0x61, 0x74, 0x61, 0x29, 0x3b, 0x0a, 0x7d, 0x0a, 0x0a, 0x66, 0x75,
  0x6e, 0x63, 0x74, 0x69, 0x6f, 0x6e, 0x20, 0x74, 0x6f, 0x67, 0x67, 0x6c,
  0x65, 0x41, 0x64, 0x76, 0x61, 0x6e, 0x63, 0x65, 0x64, 0x28, 0x29, 0x20,
  0x7b, 0x0a, 0x20, 0x20, 0x61, 0x64, 0x76, 0x61, 0x6e, 0x63, 0x65, 0x64,
  0x4f, 0x70, 0x65, 0x6e, 0x20, 0x3d, 0x20, 0x21, 0x61, 0x64, 0x76, 0x61,
  0x6e, 0x63, 0x65, 0x64, 0x4f, 0x70, 0x65, 0x6e, 0x3b, 0x0a, 0x20, 0x20,
  0x72, 0x65, 0x6e, 0x64, 0x65, 0x72, 0x28, 0x29, 0x3b, 0x0a, 0x7d, 0x0a,
  0x0a, 0x66, 0x75, 0x6e, 0x63, 0x74, 0x69, 0x6f, 0x6e, 0x20, 0x72, 0x65,
  0x67, 0x69, 0x73, 0x74, 0x65, 0x72, 0x49, 0x64, 0x28, 0x29, 0x20, 0x7b,
  0x0a, 0x20, 0x20, 0x69, 0x66, 0x20, 0x28, 0x73, 0x65, 0x6c, 0x65, 0x63,
  0x74, 0x65, 0x64, 0x20, 0x3c, 0x20, 0x30, 0x29, 0x20, 0x7b, 0x0a, 0x20,
  0x20, 0x20, 0x20, 0x73, 0x65, 0x74, 0x53, 0x74, 0x61, 0x74, 0x75, 0x73,
  0x28, 0x27, 0xe8, 0xaf, 0xb7, 0xe5, 0x85, 0x88, 0xe9, 0x80, 0x89, 0xe6,
  0x8b, 0xa9, 0xe8, 0xae, 0xbe, 0xe5, 0xa4, 0x87, 0x27, 0x29, 0x3b, 0x0a,
  0x20, 0x20, 0x20, 0x20, 0x72, 0x65, 0x74, 0x75, 0x72, 0x6e, 0x3b, 0x0a,
  0x20, 0x20, 0x7d, 0x0a, 0x20, 0x20, 0x63, 0x6f, 0x6e, 0x73, 0x74, 0x20,
  0x63, 0x75, 0x72, 0x20, 0x3d, 0x20, 0x65, 0x6e, 0x74, 0x69, 0x74, 0x69,
  0x65, 0x73, 0x5b, 0x73, 0x65, 0x6c, 0x65, 0x63, 0x74, 0x65, 0x64, 0x5d,
  0x3b, 0x0a, 0x20, 0x20, 0x70, 0x72, 0x6f, 0x6d, 0x70, 0x74, 0x2e, 0x69,
  0x6e, 0x70, 0x75, 0x74, 0x28, 0x7b, 0x0a, 0x20, 0x20, 0x20, 0x20, 0x74,
  0x69, 0x74, 0x6c, 0x65, 0x3a, 0x20, 0x27, 0x65, 0x6e, 0x74, 0x69, 0x74,
  0x79, 0x5f, 0x69, 0x64, 0x27, 0x2c, 0x0a, 0x20, 0x20, 0x20, 0x20, 0x76,
  0x61, 0x6c, 0x75, 0x65, 0x3a, 0x20, 0x63, 0x75, 0x72, 0x2e, 0x65, 0x6e,
  0x74, 0x69, 0x74, 0x79, 0x5f, 0x69, 0x64, 0x2c, 0x0a, 0x20, 0x20, 0x20,
  0x20, 0x6d, 0x61, 0x78, 0x4c, 0x65, 0x6e, 0x67, 0x74, 0x68, 0x3a, 0x20,
  0x39, 0x36, 0x0a, 0x20, 0x20, 0x7d, 0x2c, 0x20, 0x66, 0x75, 0x6e, 0x63,
  0x74, 0x69, 0x6f, 0x6e, 0x20, 0x28, 0x76, 0x61, 0x6c, 0x75, 0x65, 0x29,
  0x20, 0x7b, 0x0a, 0x20, 0x20, 0x20, 0x20, 0x69, 0x66, 0x20, 0x28, 0x21,
  0x76, 0x61, 0x6c, 0x75, 0x65, 0x29, 0x20, 0x72, 0x65, 0x74, 0x75, 0x72,
  0x6e, 0x3b, 0x0a, 0x20, 0x20, 0x20, 0x20, 0x63, 0x6f, 0x6e, 0x73, 0x74,
  0x20, 0x65, 0x6e, 0x74, 0x69, 0x74, 0x79, 0x49, 0x64, 0x20, 0x3d, 0x20,
  0x6e, 0x6f, 0x72, 0x6d, 0x61, 0x6c, 0x69, 0x7a, 0x65, 0x45, 0x6e, 0x74,
  0x69, 0x74, 0x79, 0x49, 0x64, 0x28, 0x76, 0x61, 0x6c, 0x75, 0x65, 0x29,
  0x3b, 0x0a, 0x20, 0x20, 0x20, 0x20, 0x63, 0x6f, 0x6e, 0x73, 0x74, 0x20,
  0x70, 0x61, 0x72, 0x74, 0x73, 0x20, 0x3d, 0x20, 0x73, 0x70, 0x6c, 0x69,
  0x74, 0x45, 0x6e, 0x74, 0x69, 0x74, 0x79, 0x49, 0x64, 0x28, 0x65, 0x6e,
  0x74, 0x69, 0x74, 0x79, 0x49, 0x64, 0x29, 0x3b, 0x0a, 0x20, 0x20, 0x20,
  0x20, 0x69, 0x66, 0x20, 0x28, 0x21, 0x70, 0x61, 0x72, 0x74, 0x73, 0x29,
  0x20, 0x7b, 0x0a, 0x20, 0x20, 0x20, 0x20, 0x20, 0x20, 0x73, 0x65, 0x74,
  0x53, 0x74, 0x61, 0x74, 0x75, 0x73, 0x28, 0x27, 0xe6, 0xa0, 0xbc, 0xe5,
  0xbc, 0x8f, 0xe5, 0xba, 0x94, 0xe4, 0xb8, 0xba, 0x20, 0x64, 0x6f, 0x6d,
  0x61, 0x69, 0x6e, 0x2e, 0x6f, 0x62, 0x6a, 0x65, 0x63, 0x74, 0x5f, 0x69,
  0x64, 0x27, 0x29, 0x3b, 0x0a, 0x20, 0x20, 0x20, 0x20, 0x20, 0x20, 0x72,
  0x65, 0x74, 0x75, 0x72, 0x6e, 0x3b, 0x0a, 0x20, 0x20, 0x20, 0x20, 0x7d,
  0x0a, 0x20, 0x20, 0x20, 0x20, 0x6c, 0x65, 0x74, 0x20, 0x69, 0x3b, 0x0a,
  0x20, 0x20, 0x20, 0x20, 0x66, 0x6f, 0x72, 0x20, 0x28, 0x69, 0x20, 0x3d,
  0x20, 0x30, 0x3b, 0x20, 0x69, 0x20, 0x3c, 0x20, 0x73, 0x6c, 0x6f, 0x74,
  0x73, 0x2e, 0x6c, 0x65, 0x6e, 0x67, 0x74, 0x68, 0x3b, 0x20, 0x69, 0x2b,
  0x2b, 0x29, 0x20, 0x7b, 0x0a, 0x20, 0x20, 0x20, 0x20, 0x20, 0x20, 0x69,
  0x66, 0x20, 0x28, 0x69, 0x20, 0x21, 0x3d, 0x3d, 0x20, 0x73, 0x65, 0x6c,
  0x65, 0x63, 0x74, 0x65, 0x64, 0x20, 0x26, 0x26, 0x20, 0x73, 0x6c, 0x6f,
  0x74, 0x73, 0x5b, 0x69, 0x5d, 0x2e, 0x65, 0x6e, 0x74, 0x69, 0x74, 0x79,
  0x5f, 0x69, 0x64, 0x20, 0x3d, 0x3d, 0x3d, 0x20, 0x65, 0x6e, 0x74, 0x69,
  0x74, 0x79, 0x49, 0x64, 0x29, 0x20, 0x7b, 0x0a, 0x20, 0x20, 0x20, 0x20,
  0x20, 0x20, 0x20, 0x20, 0x73, 0x65, 0x74, 0x53, 0x74, 0x61, 0x74, 0x75,
  0x73, 0x28, 0x27, 0x65, 0x6e, 0x74, 0x69, 0x74, 0x79, 0x5f, 0x69, 0x64,
  0x20, 0xe5, 0xb7, 0xb2, 0xe6, 0xb3, 0xa8, 0xe5, 0x86, 0x8c, 0x27, 0x29,
  0x3b, 0x0a, 0x20, 0x20, 0x20, 0x20, 0x20, 0x20, 0x20, 0x20, 0x72, 0x65,
  0x74, 0x75, 0x72, 0x6e, 0x3b, 0x0a, 0x20, 0x20, 0x20, 0x20, 0x20, 0x20,
  0x7d, 0x0a, 0x20, 0x20, 0x20, 0x20, 0x7d, 0x0a, 0x20, 0x20, 0x20, 0x20,
  0x63, 0x6f, 0x6e, 0x73, 0x74, 0x20, 0x70, 0x6c, 0x61, 0x74, 0x66, 0x6f,
  0x72, 0x6d, 0x20, 0x3d, 0x20, 0x28, 0x73, 0x6c, 0x6f, 0x74, 0x73, 0x5b,
  0x73, 0x65, 0x6c, 0x65, 0x63, 0x74, 0x65, 0x64, 0x5d, 0x20, 0x26, 0x26,
  0x20, 0x73, 0x6c, 0x6f, 0x74, 0x73, 0x5b, 0x73, 0x65, 0x6c, 0x65, 0x63,
  0x74, 0x65, 0x64, 0x5d, 0x2e, 0x70, 0x6c, 0x61, 0x74, 0x66, 0x6f, 0x72,
  0x6d, 0x29, 0x20, 0x7c, 0x7c, 0x20, 0x27, 0x68, 0x75, 0x62, 0x27, 0x3b,
  0x0a, 0x20, 0x20, 0x20, 0x20, 0x63, 0x6f, 0x6e, 0x73, 0x74, 0x20, 0x75,
  0x6e, 0x69, 0x71, 0x75, 0x65, 0x49, 0x64, 0x20, 0x3d, 0x20, 0x70, 0x61,
  0x72, 0x74, 0x73, 0x5b, 0x31, 0x5d, 0x3b, 0x0a, 0x20, 0x20, 0x20, 0x20,
  0x63, 0x6f, 0x6e, 0x73, 0x74, 0x20, 0x68, 0x69, 0x74, 0x20, 0x3d, 0x20,
  0x66, 0x69, 0x6e, 0x64, 0x42, 0x79, 0x4b, 0x65, 0x79, 0x28, 0x70, 0x61,
  0x72, 0x74, 0x73, 0x5b, 0x30, 0x5d, 0x2c, 0x20, 0x70, 0x6c, 0x61, 0x74,
  0x66, 0x6f, 0x72, 0x6d, 0x2c, 0x20, 0x75, 0x6e, 0x69, 0x71, 0x75, 0x65,
  0x49, 0x64, 0x29, 0x3b, 0x0a, 0x20, 0x20, 0x20, 0x20, 0x69, 0x66, 0x20,
  0x28, 0x68, 0x69, 0x74, 0x20, 0x3e, 0x3d, 0x20, 0x30, 0x20, 0x26, 0x26,
  0x20, 0x68, 0x69, 0x74, 0x20, 0x21, 0x3d, 0x3d, 0x20, 0x73, 0x65, 0x6c,
  0x65, 0x63, 0x74, 0x65, 0x64, 0x29, 0x20, 0x7b, 0x0a, 0x20, 0x20, 0x20,
  0x20, 0x20, 0x20, 0x73, 0x65, 0x74, 0x53, 0x74, 0x61, 0x74, 0x75, 0x73,
  0x28, 0x27, 0x75, 0x6e, 0x69, 0x71, 0x75, 0x65, 0x5f, 0x69, 0x64, 0x20,
  0xe5, 0xb7, 0xb2, 0xe6, 0xb3, 0xa8, 0xe5, 0x86, 0x8c, 0x27, 0x29, 0x3b,
  0x0a, 0x20, 0x20, 0x20, 0x20, 0x20, 0x20, 0x72, 0x65, 0x74, 0x75, 0x72,
  0x6e, 0x3b, 0x0a, 0x20, 0x20, 0x20, 0x20, 0x7d, 0x0a, 0x20, 0x20, 0x20,
  0x20, 0x69, 0x66, 0x20, 0x28, 0x21, 0x73, 0x6c, 0x6f, 0x74, 0x73, 0x5b,
  0x73, 0x65, 0x6c, 0x65, 0x63, 0x74, 0x65, 0x64, 0x5d, 0x29, 0x20, 0x7b,
  0x0a, 0x20, 0x20, 0x20, 0x20, 0x20, 0x20, 0x67, 0x65, 0x74, 0x4f, 0x72,
  0x43, 0x72, 0x65, 0x61, 0x74, 0x65, 0x28, 0x70, 0x61, 0x72, 0x74, 0x73,
  0x5b, 0x30, 0x5d, 0x2c, 0x20, 0x70, 0x6c, 0x61, 0x74, 0x66, 0x6f, 0x72,
  0x6d, 0x2c, 0x20, 0x75, 0x6e, 0x69, 0x71, 0x75, 0x65, 0x49, 0x64, 0x2c,
  0x20, 0x7b, 0x0a, 0x20, 0x20, 0x20, 0x20, 0x20, 0x20, 0x20, 0x20, 0x73,
  0x75, 0x67, 0x67, 0x65, 0x73, 0x74, 0x65, 0x64, 0x5f, 0x6f, 0x62, 0x6a,
  0x65, 0x63, 0x74, 0x5f, 0x69, 0x64, 0x3a, 0x20, 0x75, 0x6e, 0x69, 0x71,
  0x75, 0x65, 0x49, 0x64, 0x0a, 0x20, 0x20, 0x20, 0x20, 0x20, 0x20, 0x7d,
  0x29, 0x3b, 0x0a, 0x20, 0x20, 0x20, 0x20, 0x7d, 0x20, 0x65, 0x6c, 0x73,
  0x65, 0x20, 0x7b, 0x0a, 0x20, 0x20, 0x20, 0x20, 0x20, 0x20, 0x63, 0x6f,
  0x6e, 0x73, 0x74, 0x20, 0x70, 0x72, 0x65, 0x76, 0x20, 0x3d, 0x20, 0x73,
  0x6c, 0x6f, 0x74, 0x73, 0x5b, 0x73, 0x65, 0x6c, 0x65, 0x63, 0x74, 0x65,
  0x64, 0x5d, 0x3b, 0x0a, 0x20, 0x20, 0x20, 0x20, 0x20, 0x20, 0x69, 0x66,
  0x20, 0x28, 0x70, 0x72, 0x65, 0x76, 0x2e, 0x64, 0x6f, 0x6d, 0x61, 0x69,
  0x6e, 0x20, 0x21, 0x3d, 0x3d, 0x20, 0x70, 0x61, 0x72, 0x74, 0x73, 0x5b,
  0x30, 0x5d, 0x20, 0x7c, 0x7c, 0x20, 0x70, 0x72, 0x65, 0x76, 0x2e, 0x75,
  0x6e, 0x69, 0x71, 0x75, 0x65, 0x5f, 0x69, 0x64, 0x20, 0x21, 0x3d, 0x3d,
  0x20, 0x75, 0x6e, 0x69, 0x71, 0x75, 0x65, 0x49, 0x64, 0x29, 0x20, 0x7b,
  0x0a, 0x20, 0x20, 0x20, 0x20, 0x20, 0x20, 0x20, 0x20, 0x70, 0x75, 0x73,
  0x68, 0x44, 0x65, 0x6c, 0x65, 0x74, 0x65, 0x64, 0x28, 0x70, 0x72, 0x65,
  0x76, 0x29, 0x3b, 0x0a, 0x20, 0x20, 0x20, 0x20, 0x20, 0x20, 0x7d, 0x0a,
  0x20, 0x20, 0x20, 0x20, 0x20, 0x20, 0x73, 0x6c, 0x6f, 0x74, 0x73, 0x5b,
  0x73, 0x65, 0x6c, 0x65, 0x63, 0x74, 0x65, 0x64, 0x5d, 0x2e, 0x65, 0x6e,
  0x74, 0x69, 0x74, 0x79, 0x5f, 0x69, 0x64, 0x20, 0x3d, 0x20, 0x65, 0x6e,
  0x74, 0x69, 0x74, 0x79, 0x49, 0x64, 0x3b, 0x0a, 0x20, 0x20, 0x20, 0x20,
  0x20, 0x20, 0x73, 0x6c, 0x6f, 0x74, 0x73, 0x5b, 0x73, 0x65, 0x6c, 0x65,
  0x63, 0x74, 0x65, 0x64, 0x5d, 0x2e, 0x64, 0x6f, 0x6d, 0x61, 0x69, 0x6e,
  0x20, 0x3d, 0x20, 0x70, 0x61, 0x72, 0x74, 0x73, 0x5b, 0x30, 0x5d, 0x3b,
  0x0a, 0x20, 0x20, 0x20, 0x20, 0x20, 0x20, 0x73, 0x6c, 0x6f, 0x74, 0x73,
  0x5b, 0x73, 0x65, 0x6c, 0x65, 0x63, 0x74, 0x65, 0x64, 0x5d, 0x2e, 0x75,
  0x6e, 0x69, 0x71, 0x75, 0x65, 0x5f, 0x69, 0x64, 0x20, 0x3d, 0x20, 0x75,
  0x6e, 0x69, 0x71, 0x75, 0x65, 0x49, 0x64, 0x3b, 0x0a, 0x20, 0x20, 0x20,
  0x20, 0x20, 0x20, 0x73, 0x6c, 0x6f, 0x74, 0x73, 0x5b, 0x73, 0x65, 0x6c,
  0x65, 0x63, 0x74, 0x65, 0x64, 0x5d, 0x2e, 0x70, 0x6c, 0x61, 0x74, 0x66,
  0x6f, 0x72, 0x6d, 0x20, 0x3d, 0x20, 0x70, 0x6c, 0x61, 0x74, 0x66, 0x6f,
  0x72, 0x6d, 0x3b, 0x0a, 0x20, 0x20, 0x20, 0x20, 0x20, 0x20, 0x69, 0x66,
  0x20, 0x28, 0x21, 0x69, 0x73, 0x55, 0x75, 0x69, 0x64, 0x48, 0x65, 0x78,
  0x28, 0x73, 0x6c, 0x6f, 0x74, 0x73, 0x5b, 0x73, 0x65, 0x6c, 0x65, 0x63,
  0x74, 0x65, 0x64, 0x5d, 0x2e, 0x69, 0x64, 0x29, 0x29, 0x20, 0x73, 0x6c,
  0x6f, 0x74, 0x73, 0x5b, 0x73, 0x65, 0x6c, 0x65, 0x63, 0x74, 0x65, 0x64,
  0x5d, 0x2e, 0x69, 0x64, 0x20, 0x3d, 0x20, 0x72, 0x61, 0x6e, 0x64, 0x6f,
  0x6d, 0x55, 0x75, 0x69, 0x64, 0x48, 0x65, 0x78, 0x28, 0x29, 0x3b, 0x0a,
  0x20, 0x20, 0x20, 0x20, 0x7d, 0x0a, 0x20, 0x20, 0x20, 0x20, 0x73, 0x61,
  0x76, 0x65, 0x53, 0x6c, 0x6f, 0x74, 0x73, 0x28, 0x29, 0x3b, 0x0a, 0x20,
  0x20, 0x20, 0x20, 0x69, 0x66, 0x20, 0x28, 0x63, 0x61, 0x74, 0x61, 0x6c,
  0x6f, 0x67, 0x2e, 0x6c, 0x65, 0x6e, 0x67, 0x74, 0x68, 0x29, 0x20, 0x61,
  0x70, 0x70, 0x6c, 0x79, 0x53, 0x6c, 0x6f, 0x74, 0x73, 0x28, 0x63, 0x61,
  0x74, 0x61, 0x6c, 0x6f, 0x67, 0x29, 0x3b, 0x0a, 0x20, 0x20, 0x20, 0x20,
  0x65, 0x6c, 0x73, 0x65, 0x20, 0x63, 0x75, 0x72, 0x2e, 0x65, 0x6e, 0x74,
  0x69, 0x74, 0x79, 0x5f, 0x69, 0x64, 0x20, 0x3d, 0x20, 0x65, 0x6e, 0x74,
  0x69, 0x74, 0x79, 0x49, 0x64, 0x3b, 0x0a, 0x20, 0x20, 0x20, 0x20, 0x73,
  0x65, 0x74, 0x53, 0x74, 0x61, 0x74, 0x75, 0x73, 0x28, 0x27, 0xe5, 0xb7,
  0xb2, 0xe6, 0xb3, 0xa8, 0xe5, 0x86, 0x8c, 0x20, 0x27, 0x20, 0x2b, 0x20,
  0x65, 0x6e, 0x74, 0x69, 0x74, 0x79, 0x49, 0x64, 0x29, 0x3b, 0x0a, 0x20,
  0x20, 0x20, 0x20, 0x72, 0x65, 0x6e, 0x64, 0x65, 0x72, 0x28, 0x29, 0x3b,
  0x0a, 0x20, 0x20, 0x7d, 0x29, 0x3b, 0x0a, 0x7d, 0x0a, 0x0a, 0x66, 0x6f,
  0x72, 0x20, 0x28, 0x6c, 0x65, 0x74, 0x20, 0x69, 0x20, 0x3d, 0x20, 0x30,
  0x3b, 0x20, 0x69, 0x20, 0x3c, 0x20, 0x50, 0x41, 0x47, 0x45, 0x5f, 0x53,
  0x49, 0x5a, 0x45, 0x3b, 0x20, 0x69, 0x2b, 0x2b, 0x29, 0x20, 0x7b, 0x0a,
  0x20, 0x20, 0x63, 0x6f, 0x6e, 0x73, 0x74, 0x20, 0x63, 0x6f, 0x6c, 0x20,
  0x3d, 0x20, 0x69, 0x20, 0x25, 0x20, 0x43, 0x4f, 0x4c, 0x53, 0x3b, 0x0a,
  0x20, 0x20, 0x63, 0x6f, 0x6e, 0x73, 0x74, 0x20, 0x72, 0x6f, 0x77, 0x20,
  0x3d, 0x20, 0x4d, 0x61, 0x74, 0x68, 0x2e, 0x66, 0x6c, 0x6f, 0x6f, 0x72,
  0x28, 0x69, 0x20, 0x2f, 0x20, 0x43, 0x4f, 0x4c, 0x53, 0x29, 0x3b, 0x0a,
  0x20, 0x20, 0x63, 0x6f, 0x6e, 0x73, 0x74, 0x20, 0x78, 0x20, 0x3d, 0x20,
  0x50, 0x41, 0x44, 0x20, 0x2b, 0x20, 0x63, 0x6f, 0x6c, 0x20, 0x2a, 0x20,
  0x28, 0x43, 0x41, 0x52, 0x44, 0x5f, 0x57, 0x20, 0x2b, 0x20, 0x47, 0x41,
  0x50, 0x29, 0x3b, 0x0a, 0x20, 0x20, 0x63, 0x6f, 0x6e, 0x73, 0x74, 0x20,
  0x79, 0x20, 0x3d, 0x20, 0x47, 0x52, 0x49, 0x44, 0x5f, 0x59, 0x20, 0x2b,
  0x20, 0x72, 0x6f, 0x77, 0x20, 0x2a, 0x20, 0x28, 0x43, 0x41, 0x52, 0x44,
  0x5f, 0x48, 0x20, 0x2b, 0x20, 0x47, 0x41, 0x50, 0x29, 0x3b, 0x0a, 0x20,
  0x20, 0x72, 0x6f, 0x77, 0x73, 0x2e, 0x70, 0x75, 0x73, 0x68, 0x28, 0x75,
  0x69, 0x2e, 0x62, 0x75, 0x74, 0x74, 0x6f, 0x6e, 0x28, 0x27, 0xe2, 0x80,
  0x94, 0x27, 0x2c, 0x20, 0x78, 0x2c, 0x20, 0x79, 0x2c, 0x20, 0x43, 0x41,
  0x52, 0x44, 0x5f, 0x57, 0x2c, 0x20, 0x43, 0x41, 0x52, 0x44, 0x5f, 0x48,
  0x2c, 0x20, 0x66, 0x75, 0x6e, 0x63, 0x74, 0x69, 0x6f, 0x6e, 0x20, 0x28,
  0x29, 0x20, 0x7b, 0x0a, 0x20, 0x20, 0x20, 0x20, 0x63, 0x6f, 0x6e, 0x73,
  0x74, 0x20, 0x69, 0x6e, 0x64, 0x65, 0x78, 0x20, 0x3d, 0x20, 0x70, 0x61,
  0x67, 0x65, 0x20, 0x2a, 0x20, 0x50, 0x41, 0x47, 0x45, 0x5f, 0x53, 0x49,
  0x5a, 0x45, 0x20, 0x2b, 0x20, 0x69, 0x3b, 0x0a, 0x20, 0x20, 0x20, 0x20,
  0x69, 0x66, 0x20, 0x28, 0x69, 0x6e, 0x64, 0x65, 0x78, 0x20, 0x3e, 0x3d,
  0x20, 0x65, 0x6e, 0x74, 0x69, 0x74, 0x69, 0x65, 0x73, 0x2e, 0x6c, 0x65,
  0x6e, 0x67, 0x74, 0x68, 0x29, 0x20, 0x72, 0x65, 0x74, 0x75, 0x72, 0x6e,
  0x3b, 0x0a, 0x20, 0x20, 0x20, 0x20, 0x73, 0x65, 0x6c, 0x65, 0x63, 0x74,
  0x65, 0x64, 0x20, 0x3d, 0x20, 0x69, 0x6e, 0x64, 0x65, 0x78, 0x3b, 0x0a,
  0x20, 0x20, 0x20, 0x20, 0x63, 0x6f, 0x6e, 0x73, 0x74, 0x20, 0x63, 0x61,
  0x72, 0x64, 0x50, 0x61, 0x72, 0x74, 0x73, 0x20, 0x3d, 0x20, 0x73, 0x70,
  0x6c, 0x69, 0x74, 0x45, 0x6e, 0x74, 0x69, 0x74, 0x79, 0x49, 0x64, 0x28,
  0x65, 0x6e, 0x74, 0x69, 0x74, 0x69, 0x65, 0x73, 0x5b, 0x69, 0x6e, 0x64,
  0x65, 0x78, 0x5d, 0x2e, 0x65, 0x6e, 0x74, 0x69, 0x74, 0x79, 0x5f, 0x69,
  0x64, 0x29, 0x3b, 0x0a, 0x20, 0x20, 0x20, 0x20, 0x63, 0x6f, 0x6e, 0x73,
  0x74, 0x20, 0x64, 0x6f, 0x6d, 0x61, 0x69, 0x6e, 0x20, 0x3d, 0x20, 0x63,
  0x61, 0x72, 0x64, 0x50, 0x61, 0x72, 0x74, 0x73, 0x20, 0x3f, 0x20, 0x63,
  0x61, 0x72, 0x64, 0x50, 0x61, 0x72, 0x74, 0x73, 0x5b, 0x30, 0x5d, 0x20,
  0x3a, 0x20, 0x27, 0x27, 0x3b, 0x0a, 0x20, 0x20, 0x20, 0x20, 0x72, 0x65,
  0x6e, 0x64, 0x65, 0x72, 0x28, 0x29, 0x3b, 0x0a, 0x20, 0x20, 0x20, 0x20,
  0x69, 0x66, 0x20, 0x28, 0x64, 0x6f, 0x6d, 0x61, 0x69, 0x6e, 0x20, 0x3d,
  0x3d, 0x3d, 0x20, 0x27, 0x6c, 0x69, 0x67, 0x68, 0x74, 0x27, 0x20, 0x7c,
  0x7c, 0x20, 0x64, 0x6f, 0x6d, 0x61, 0x69, 0x6e, 0x20, 0x3d, 0x3d, 0x3d,
  0x20, 0x27, 0x73, 0x77, 0x69, 0x74, 0x63, 0x68, 0x27, 0x29, 0x20, 0x7b,
  0x0a, 0x20, 0x20, 0x20, 0x20, 0x20, 0x20, 0x63, 0x6f, 0x6e, 0x74, 0x65,
  0x78, 0x74, 0x75, 0x61, 0x6c, 0x28, 0x32, 0x29, 0x3b, 0x0a, 0x20, 0x20,
  0x20, 0x20, 0x20, 0x20, 0x72, 0x65, 0x74, 0x75, 0x72, 0x6e, 0x3b, 0x0a,
  0x20, 0x20, 0x20, 0x20, 0x7d, 0x0a, 0x20, 0x20, 0x20, 0x20, 0x72, 0x65,
  0x71, 0x75, 0x65, 0x73, 0x74, 0x53, 0x74, 0x61, 0x74, 0x65, 0x28, 0x29,
  0x3b, 0x0a, 0x20, 0x20, 0x7d, 0x2c, 0x20, 0x48, 0x55, 0x42, 0x5f, 0x43,
  0x41, 0x52, 0x44, 0x29, 0x29, 0x3b, 0x0a, 0x7d, 0x0a, 0x0a, 0x66, 0x75,
  0x6e, 0x63, 0x74, 0x69, 0x6f, 0x6e, 0x20, 0x72, 0x6f, 0x77, 0x59, 0x28,
  0x77, 0x68, 0x69, 0x63, 0x68, 0x29, 0x20, 0x7b, 0x0a, 0x20, 0x20, 0x72,
  0x65, 0x74, 0x75, 0x72, 0x6e, 0x20, 0x48, 0x20, 0x2d, 0x20, 0x28, 0x77,
  0x68, 0x69, 0x63, 0x68, 0x20, 0x3d, 0x3d, 0x3d, 0x20, 0x30, 0x20, 0x3f,
  0x20, 0x31, 0x30, 0x30, 0x20, 0x3a, 0x20, 0x35, 0x32, 0x29, 0x3b, 0x0a,
  0x7d, 0x0a, 0x0a, 0x66, 0x75, 0x6e, 0x63, 0x74, 0x69, 0x6f, 0x6e, 0x20,
  0x72, 0x6f, 0x77, 0x58, 0x28, 0x69, 0x6e, 0x64, 0x65, 0x78, 0x2c, 0x20,
  0x63, 0x6f, 0x75, 0x6e, 0x74, 0x29, 0x20, 0x7b, 0x0a, 0x20, 0x20, 0x63,
  0x6f, 0x6e, 0x73, 0x74, 0x20, 0x74, 0x6f, 0x74, 0x61, 0x6c, 0x20, 0x3d,
  0x20, 0x63, 0x6f, 0x75, 0x6e, 0x74, 0x20, 0x2a, 0x20, 0x42, 0x54, 0x4e,
  0x5f, 0x57, 0x20, 0x2b, 0x20, 0x28, 0x63, 0x6f, 0x75, 0x6e, 0x74, 0x20,
  0x2d, 0x20, 0x31, 0x29, 0x20, 0x2a, 0x20, 0x31, 0x30, 0x3b, 0x0a, 0x20,
  0x20, 0x72, 0x65, 0x74, 0x75, 0x72, 0x6e, 0x20, 0x4d, 0x61, 0x74, 0x68,
  0x2e, 0x66, 0x6c, 0x6f, 0x6f, 0x72, 0x28, 0x28, 0x57, 0x20, 0x2d, 0x20,
  0x74, 0x6f, 0x74, 0x61, 0x6c, 0x29, 0x20, 0x2f, 0x20, 0x32, 0x29, 0x20,
  0x2b, 0x20, 0x69, 0x6e, 0x64, 0x65, 0x78, 0x20, 0x2a, 0x20, 0x28, 0x42,
  0x54, 0x4e, 0x5f, 0x57, 0x20, 0x2b, 0x20, 0x31, 0x30, 0x29, 0x3b, 0x0a,
  0x7d, 0x0a, 0x0a, 0x75, 0x69, 0x2e, 0x62, 0x75, 0x74, 0x74, 0x6f, 0x6e,
  0x28, 0x27, 0xe5, 0x90, 0x8c, 0xe6, 0xad, 0xa5, 0x27, 0x2c, 0x20, 0x72,
  0x6f, 0x77, 0x58, 0x28, 0x30, 0x2c, 0x20, 0x36, 0x29, 0x2c, 0x20, 0x72,
  0x6f, 0x77, 0x59, 0x28, 0x30, 0x29, 0x2c, 0x20, 0x42, 0x54, 0x4e, 0x5f,
  0x57, 0x2c, 0x20, 0x42, 0x54, 0x4e, 0x5f, 0x48, 0x2c, 0x20, 0x64, 0x69,
  0x73, 0x63, 0x6f, 0x76, 0x65, 0x72, 0x2c, 0x20, 0x48, 0x55, 0x42, 0x5f,
  0x43, 0x41, 0x52, 0x44, 0x29, 0x3b, 0x0a, 0x75, 0x69, 0x2e, 0x62, 0x75,
  0x74, 0x74, 0x6f, 0x6e, 0x28, 0x27, 0xe4, 0xb8, 0x8a, 0xe9, 0xa1, 0xb5,
  0x27, 0x2c, 0x20, 0x72, 0x6f, 0x77, 0x58, 0x28, 0x31, 0x2c, 0x20, 0x36,
  0x29, 0x2c, 0x20, 0x72, 0x6f, 0x77, 0x59, 0x28, 0x30, 0x29, 0x2c, 0x20,
  0x42, 0x54, 0x4e, 0x5f, 0x57, 0x2c, 0x20, 0x42, 0x54, 0x4e, 0x5f, 0x48,
  0x2c, 0x20, 0x70, 0x72, 0x65, 0x76, 0x69, 0x6f, 0x75, 0x73, 0x50, 0x61,
  0x67, 0x65, 0x2c, 0x20, 0x48, 0x55, 0x42, 0x5f, 0x43, 0x41, 0x52, 0x44,
  0x29, 0x3b, 0x0a, 0x75, 0x69, 0x2e, 0x62, 0x75, 0x74, 0x74, 0x6f, 0x6e,
  0x28, 0x27, 0xe4, 0xb8, 0x8b, 0xe9, 0xa1, 0xb5, 0x27, 0x2c, 0x20, 0x72,
  0x6f, 0x77, 0x58, 0x28, 0x32, 0x2c, 0x20, 0x36, 0x29, 0x2c, 0x20, 0x72,
  0x6f, 0x77, 0x59, 0x28, 0x30, 0x29, 0x2c, 0x20, 0x42, 0x54, 0x4e, 0x5f,
  0x57, 0x2c, 0x20, 0x42, 0x54, 0x4e, 0x5f, 0x48, 0x2c, 0x20, 0x6e, 0x65,
  0x78, 0x74, 0x50, 0x61, 0x67, 0x65, 0x2c, 0x20, 0x48, 0x55, 0x42, 0x5f,
  0x43, 0x41, 0x52, 0x44, 0x29, 0x3b, 0x0a, 0x61, 0x63, 0x74, 0x69, 0x6f,
  0x6e, 0x42, 0x75, 0x74, 0x74, 0x6f, 0x6e, 0x73, 0x20, 0x3d, 0x20, 0x5b,
  0x0a, 0x20, 0x20, 0x75, 0x69, 0x2e, 0x62, 0x75, 0x74, 0x74, 0x6f, 0x6e,
  0x28, 0x27, 0xe6, 0x89, 0x93, 0xe5, 0xbc, 0x80, 0x27, 0x2c, 0x20, 0x72,
  0x6f, 0x77, 0x58, 0x28, 0x33, 0x2c, 0x20, 0x36, 0x29, 0x2c, 0x20, 0x72,
  0x6f, 0x77, 0x59, 0x28, 0x30, 0x29, 0x2c, 0x20, 0x42, 0x54, 0x4e, 0x5f,
  0x57, 0x2c, 0x20, 0x42, 0x54, 0x4e, 0x5f, 0x48, 0x2c, 0x20, 0x28, 0x29,
  0x20, 0x3d, 0x3e, 0x20, 0x63, 0x6f, 0x6e, 0x74, 0x65, 0x78, 0x74, 0x75,
  0x61, 0x6c, 0x28, 0x30, 0x29, 0x2c, 0x0a, 0x20, 0x20, 0x20, 0x20, 0x20,
  0x20, 0x20, 0x20, 0x20, 0x20, 0x20, 0x20, 0x48, 0x55, 0x42, 0x5f, 0x41,
  0x43, 0x43, 0x45, 0x4e, 0x54, 0x29, 0x2c, 0x0a, 0x20, 0x20, 0x75, 0x69,
  0x2e, 0x62, 0x75, 0x74, 0x74, 0x6f, 0x6e, 0x28, 0x27, 0xe5, 0x85, 0xb3,
  0xe9, 0x97, 0xad, 0x27, 0x2c, 0x20, 0x72, 0x6f, 0x77, 0x58, 0x28, 0x34,
  0x2c, 0x20, 0x36, 0x29, 0x2c, 0x20, 0x72, 0x6f, 0x77, 0x59, 0x28, 0x30,
  0x29, 0x2c, 0x20, 0x42, 0x54, 0x4e, 0x5f, 0x57, 0x2c, 0x20, 0x42, 0x54,
  0x4e, 0x5f, 0x48, 0x2c, 0x20, 0x28, 0x29, 0x20, 0x3d, 0x3e, 0x20, 0x63,
  0x6f, 0x6e, 0x74, 0x65, 0x78, 0x74, 0x75, 0x61, 0x6c, 0x28, 0x31, 0x29,
  0x2c, 0x0a, 0x20, 0x20, 0x20, 0x20, 0x20, 0x20, 0x20, 0x20, 0x20, 0x20,
  0x20, 0x20, 0x48, 0x55, 0x42, 0x5f, 0x43, 0x41, 0x52, 0x44, 0x29, 0x2c,
  0x0a, 0x20, 0x20, 0x75, 0x69, 0x2e, 0x62, 0x75, 0x74, 0x74, 0x6f, 0x6e,
  0x28, 0x27, 0xe6, 0xb3, 0xa8, 0xe5, 0x86, 0x8c, 0x27, 0x2c, 0x20, 0x72,
  0x6f, 0x77, 0x58, 0x28, 0x35, 0x2c, 0x20, 0x36, 0x29, 0x2c, 0x20, 0x72,
  0x6f, 0x77, 0x59, 0x28, 0x30, 0x29, 0x2c, 0x20, 0x42, 0x54, 0x4e, 0x5f,
  0x57, 0x2c, 0x20, 0x42, 0x54, 0x4e, 0x5f, 0x48, 0x2c, 0x20, 0x72, 0x65,
  0x67, 0x69, 0x73, 0x74, 0x65, 0x72, 0x49, 0x64, 0x2c, 0x0a, 0x20, 0x20,
  0x20, 0x20, 0x20, 0x20, 0x20, 0x20, 0x20, 0x20, 0x20, 0x20, 0x48, 0x55,
  0x42, 0x5f, 0x43, 0x41, 0x52, 0x44, 0x29, 0x0a, 0x5d, 0x3b, 0x0a, 0x63,
  0x6f, 0x6e, 0x66, 0x69, 0x67, 0x42, 0x75, 0x74, 0x74, 0x6f, 0x6e, 0x73,
  0x20, 0x3d, 0x20, 0x5b, 0x0a, 0x20, 0x20, 0x75, 0x69, 0x2e, 0x62, 0x75,
  0x74, 0x74, 0x6f, 0x6e, 0x28, 0x27, 0xe5, 0x9c, 0xb0, 0xe5, 0x9d, 0x80,
  0x27, 0x2c, 0x20, 0x72, 0x6f, 0x77, 0x58, 0x28, 0x30, 0x2c, 0x20, 0x34,
  0x29, 0x2c, 0x20, 0x72, 0x6f, 0x77, 0x59, 0x28, 0x31, 0x29, 0x2c, 0x20,
  0x42, 0x54, 0x4e, 0x5f, 0x57, 0x2c, 0x20, 0x42, 0x54, 0x4e, 0x5f, 0x48,
  0x2c, 0x20, 0x63, 0x6f, 0x6e, 0x66, 0x69, 0x67, 0x75, 0x72, 0x65, 0x55,
  0x72, 0x6c, 0x2c, 0x20, 0x48, 0x55, 0x42, 0x5f, 0x43, 0x41, 0x52, 0x44,
  0x29, 0x2c, 0x0a, 0x20, 0x20, 0x75, 0x69, 0x2e, 0x62, 0x75, 0x74, 0x74,
  0x6f, 0x6e, 0x28, 0x27, 0xe4, 0xbb, 0xa4, 0xe7, 0x89, 0x8c, 0x27, 0x2c,
  0x20, 0x72, 0x6f, 0x77, 0x58, 0x28, 0x31, 0x2c, 0x20, 0x34, 0x29, 0x2c,
  0x20, 0x72, 0x6f, 0x77, 0x59, 0x28, 0x31, 0x29, 0x2c, 0x20, 0x42, 0x54,
  0x4e, 0x5f, 0x57, 0x2c, 0x20, 0x42, 0x54, 0x4e, 0x5f, 0x48, 0x2c, 0x20,
  0x63, 0x6f, 0x6e, 0x66, 0x69, 0x67, 0x75, 0x72, 0x65, 0x54, 0x6f, 0x6b,
  0x65, 0x6e, 0x2c, 0x20, 0x48, 0x55, 0x42, 0x5f, 0x43, 0x41, 0x52, 0x44,
  0x29, 0x0a, 0x5d, 0x3b, 0x0a, 0x6d, 0x6f, 0x72, 0x65, 0x42, 0x75, 0x74,
  0x74, 0x6f, 0x6e, 0x20, 0x3d, 0x20, 0x75, 0x69, 0x2e, 0x62, 0x75, 0x74,
  0x74, 0x6f, 0x6e, 0x28, 0x27, 0xe6, 0x9b, 0xb4, 0xe5, 0xa4, 0x9a, 0x27,
  0x2c, 0x20, 0x72, 0x6f, 0x77, 0x58, 0x28, 0x33, 0x2c, 0x20, 0x34, 0x29,
  0x2c, 0x20, 0x72, 0x6f, 0x77, 0x59, 0x28, 0x31, 0x29, 0x2c, 0x20, 0x42,
  0x54, 0x4e, 0x5f, 0x57, 0x2c, 0x20, 0x42, 0x54, 0x4e, 0x5f, 0x48, 0x2c,
  0x0a, 0x20, 0x20, 0x20, 0x20, 0x20, 0x20, 0x20, 0x20, 0x20, 0x20, 0x20,
  0x20, 0x20, 0x20, 0x20, 0x20, 0x20, 0x20, 0x20, 0x20, 0x20, 0x20, 0x20,
  0x74, 0x6f, 0x67, 0x67, 0x6c, 0x65, 0x41, 0x64, 0x76, 0x61, 0x6e, 0x63,
  0x65, 0x64, 0x2c, 0x20, 0x48, 0x55, 0x42, 0x5f, 0x43, 0x41, 0x52, 0x44,
  0x29, 0x3b, 0x0a, 0x61, 0x64, 0x76, 0x61, 0x6e, 0x63, 0x65, 0x64, 0x42,
  0x75, 0x74, 0x74, 0x6f, 0x6e, 0x73, 0x20, 0x3d, 0x20, 0x5b, 0x0a, 0x20,
  0x20, 0x75, 0x69, 0x2e, 0x62, 0x75, 0x74, 0x74, 0x6f, 0x6e, 0x28, 0x27,
  0xe6, 0x9c, 0x8d, 0xe5, 0x8a, 0xa1, 0xe5, 0x90, 0x8d, 0x27, 0x2c, 0x20,
  0x72, 0x6f, 0x77, 0x58, 0x28, 0x30, 0x2c, 0x20, 0x34, 0x29, 0x2c, 0x20,
  0x72, 0x6f, 0x77, 0x59, 0x28, 0x31, 0x29, 0x2c, 0x20, 0x42, 0x54, 0x4e,
  0x5f, 0x57, 0x2c, 0x20, 0x42, 0x54, 0x4e, 0x5f, 0x48, 0x2c, 0x0a, 0x20,
  0x20, 0x20, 0x20, 0x20, 0x20, 0x20, 0x20, 0x20, 0x20, 0x20, 0x20, 0x63,
  0x6f, 0x6e, 0x66, 0x69, 0x67, 0x75, 0x72, 0x65, 0x41, 0x64, 0x76, 0x61,
  0x6e, 0x63, 0x65, 0x64, 0x53, 0x65, 0x72, 0x76, 0x69, 0x63, 0x65, 0x2c,
  0x20, 0x48, 0x55, 0x42, 0x5f, 0x43, 0x41, 0x52, 0x44, 0x29, 0x2c, 0x0a,
  0x20, 0x20, 0x75, 0x69, 0x2e, 0x62, 0x75, 0x74, 0x74, 0x6f, 0x6e, 0x28,
  0x27, 0x4a, 0x53, 0x4f, 0x4e, 0x27, 0x2c, 0x20, 0x72, 0x6f, 0x77, 0x58,
  0x28, 0x31, 0x2c, 0x20, 0x34, 0x29, 0x2c, 0x20, 0x72, 0x6f, 0x77, 0x59,
  0x28, 0x31, 0x29, 0x2c, 0x20, 0x42, 0x54, 0x4e, 0x5f, 0x57, 0x2c, 0x20,
  0x42, 0x54, 0x4e, 0x5f, 0x48, 0x2c, 0x0a, 0x20, 0x20, 0x20, 0x20, 0x20,
  0x20, 0x20, 0x20, 0x20, 0x20, 0x20, 0x20, 0x63, 0x6f, 0x6e, 0x66, 0x69,
  0x67, 0x75, 0x72, 0x65, 0x41, 0x64, 0x76, 0x61, 0x6e, 0x63, 0x65, 0x64,
  0x44, 0x61, 0x74, 0x61, 0x2c, 0x20, 0x48, 0x55, 0x42, 0x5f, 0x43, 0x41,
  0x52, 0x44, 0x29, 0x2c, 0x0a, 0x20, 0x20, 0x75, 0x69, 0x2e, 0x62, 0x75,
  0x74, 0x74, 0x6f, 0x6e, 0x28, 0x27, 0xe6, 0x89, 0xa7, 0xe8, 0xa1, 0x8c,
  0x27, 0x2c, 0x20, 0x72, 0x6f, 0x77, 0x58, 0x28, 0x32, 0x2c, 0x20, 0x34,
  0x29, 0x2c, 0x20, 0x72, 0x6f, 0x77, 0x59, 0x28, 0x31, 0x29, 0x2c, 0x20,
  0x42, 0x54, 0x4e, 0x5f, 0x57, 0x2c, 0x20, 0x42, 0x54, 0x4e, 0x5f, 0x48,
  0x2c, 0x20, 0x72, 0x75, 0x6e, 0x41, 0x64, 0x76, 0x61, 0x6e, 0x63, 0x65,
  0x64, 0x2c, 0x20, 0x48, 0x55, 0x42, 0x5f, 0x41, 0x43, 0x43, 0x45, 0x4e,
  0x54, 0x29, 0x0a, 0x5d, 0x3b, 0x0a, 0x0a, 0x75, 0x69, 0x2e, 0x6f, 0x6e,
  0x53, 0x77, 0x69, 0x70, 0x65, 0x28, 0x66, 0x75, 0x6e, 0x63, 0x74, 0x69,
  0x6f, 0x6e, 0x20, 0x28, 0x64, 0x69, 0x72, 0x29, 0x20, 0x7b, 0x0a, 0x20,
  0x20, 0x69, 0x66, 0x20, 0x28, 0x64, 0x69, 0x72, 0x20, 0x3d, 0x3d, 0x3d,
  0x20, 0x27, 0x6c, 0x65, 0x66, 0x74, 0x27, 0x29, 0x20, 0x6e, 0x65, 0x78,
  0x74, 0x50, 0x61, 0x67, 0x65, 0x28, 0x29, 0x3b, 0x0a, 0x20, 0x20, 0x65,
  0x6c, 0x73, 0x65, 0x20, 0x69, 0x66, 0x20, 0x28, 0x64, 0x69, 0x72, 0x20,
  0x3d, 0x3d, 0x3d, 0x20, 0x27, 0x72, 0x69, 0x67, 0x68, 0x74, 0x27, 0x29,
  0x20, 0x70, 0x72, 0x65, 0x76, 0x69, 0x6f, 0x75, 0x73, 0x50, 0x61, 0x67,
  0x65, 0x28, 0x29, 0x3b, 0x0a, 0x7d, 0x29, 0x3b, 0x0a, 0x0a, 0x6c, 0x65,
  0x74, 0x20, 0x73, 0x74, 0x72, 0x65, 0x61, 0x6d, 0x41, 0x74, 0x20, 0x3d,
  0x20, 0x44, 0x61, 0x74, 0x65, 0x2e, 0x6e, 0x6f, 0x77, 0x28, 0x29, 0x3b,
  0x0a, 0x0a, 0x66, 0x75, 0x6e, 0x63, 0x74, 0x69, 0x6f, 0x6e, 0x20, 0x73,
  0x75, 0x62, 0x73, 0x63, 0x72, 0x69, 0x62, 0x65, 0x53, 0x74, 0x61, 0x74,
  0x65, 0x73, 0x28, 0x29, 0x20, 0x7b, 0x0a, 0x20, 0x20, 0x69, 0x66, 0x20,
  0x28, 0x21, 0x74, 0x6f, 0x6b, 0x65, 0x6e, 0x20, 0x7c, 0x7c, 0x20, 0x70,
  0x65, 0x6e, 0x64, 0x69, 0x6e, 0x67, 0x29, 0x20, 0x72, 0x65, 0x74, 0x75,
  0x72, 0x6e, 0x20, 0x66, 0x61, 0x6c, 0x73, 0x65, 0x3b, 0x0a, 0x20, 0x20,
  0x69, 0x66, 0x20, 0x28, 0x68, 0x61, 0x2e, 0x67, 0x65, 0x74, 0x28, 0x62,
  0x61, 0x73, 0x65, 0x2c, 0x20, 0x74, 0x6f, 0x6b, 0x65, 0x6e, 0x2c, 0x20,
  0x27, 0x73, 0x74, 0x61, 0x74, 0x65, 0x73, 0x27, 0x29, 0x29, 0x20, 0x7b,
  0x0a, 0x20, 0x20, 0x20, 0x20, 0x70, 0x65, 0x6e, 0x64, 0x69, 0x6e, 0x67,
  0x20, 0x3d, 0x20, 0x27, 0x73, 0x74, 0x72, 0x65, 0x61, 0x6d, 0x27, 0x3b,
  0x0a, 0x20, 0x20, 0x20, 0x20, 0x73, 0x74, 0x72, 0x65, 0x61, 0x6d, 0x41,
  0x74, 0x20, 0x3d, 0x20, 0x44, 0x61, 0x74, 0x65, 0x2e, 0x6e, 0x6f, 0x77,
  0x28, 0x29, 0x3b, 0x0a, 0x20, 0x20, 0x20, 0x20, 0x72, 0x65, 0x74, 0x75,
  0x72, 0x6e, 0x20, 0x74, 0x72, 0x75, 0x65, 0x3b, 0x0a, 0x20, 0x20, 0x7d,
  0x0a, 0x20, 0x20, 0x72, 0x65, 0x74, 0x75, 0x72, 0x6e, 0x20, 0x66, 0x61,
  0x6c, 0x73, 0x65, 0x3b, 0x0a, 0x7d, 0x0a, 0x0a, 0x73, 0x65, 0x74, 0x49,
  0x6e, 0x74, 0x65, 0x72, 0x76, 0x61, 0x6c, 0x28, 0x66, 0x75, 0x6e, 0x63,
  0x74, 0x69, 0x6f, 0x6e, 0x20, 0x28, 0x29, 0x20, 0x7b, 0x0a, 0x20, 0x20,
  0x70, 0x61, 0x69, 0x6e, 0x74, 0x43, 0x6c, 0x6f, 0x63, 0x6b, 0x28, 0x29,
  0x3b, 0x0a, 0x20, 0x20, 0x69, 0x66, 0x20, 0x28, 0x21, 0x70, 0x65, 0x6e,
  0x64, 0x69, 0x6e, 0x67, 0x20, 0x26, 0x26, 0x20, 0x74, 0x6f, 0x6b, 0x65,
  0x6e, 0x20, 0x26, 0x26, 0x20, 0x44, 0x61, 0x74, 0x65, 0x2e, 0x6e, 0x6f,
  0x77, 0x28, 0x29, 0x20, 0x2d, 0x20, 0x73, 0x74, 0x72, 0x65, 0x61, 0x6d,
  0x41, 0x74, 0x20, 0x3e, 0x20, 0x35, 0x30, 0x30, 0x30, 0x29, 0x20, 0x7b,
  0x0a, 0x20, 0x20, 0x20, 0x20, 0x73, 0x75, 0x62, 0x73, 0x63, 0x72, 0x69,
  0x62, 0x65, 0x53, 0x74, 0x61, 0x74, 0x65, 0x73, 0x28, 0x29, 0x3b, 0x0a,
  0x20, 0x20, 0x7d, 0x0a, 0x20, 0x20, 0x63, 0x6f, 0x6e, 0x73, 0x74, 0x20,
  0x72, 0x65, 0x73, 0x75, 0x6c, 0x74, 0x20, 0x3d, 0x20, 0x68, 0x61, 0x2e,
  0x70, 0x6f, 0x6c, 0x6c, 0x28, 0x29, 0x3b, 0x0a, 0x20, 0x20, 0x69, 0x66,
  0x20, 0x28, 0x21, 0x72, 0x65, 0x73, 0x75, 0x6c, 0x74, 0x2e, 0x64, 0x6f,
  0x6e, 0x65, 0x29, 0x20, 0x72, 0x65, 0x74, 0x75, 0x72, 0x6e, 0x3b, 0x0a,
  0x20, 0x20, 0x69, 0x66, 0x20, 0x28, 0x72, 0x65, 0x73, 0x75, 0x6c, 0x74,
  0x2e, 0x65, 0x72, 0x72, 0x6f, 0x72, 0x29, 0x20, 0x7b, 0x0a, 0x20, 0x20,
  0x20, 0x20, 0x69, 0x66, 0x20, 0x28, 0x70, 0x65, 0x6e, 0x64, 0x69, 0x6e,
  0x67, 0x20, 0x21, 0x3d, 0x3d, 0x20, 0x27, 0x73, 0x74, 0x72, 0x65, 0x61,
  0x6d, 0x27, 0x29, 0x20, 0x73, 0x65, 0x74, 0x53, 0x74, 0x61, 0x74, 0x75,
  0x73, 0x28, 0x27, 0xe7, 0xbd, 0x91, 0xe7, 0xbb, 0x9c, 0xe9, 0x94, 0x99,
  0xe8, 0xaf, 0xaf, 0x20, 0x27, 0x20, 0x2b, 0x20, 0x72, 0x65, 0x73, 0x75,
  0x6c, 0x74, 0x2e, 0x65, 0x72, 0x72, 0x6f, 0x72, 0x29, 0x3b, 0x0a, 0x20,
  0x20, 0x20, 0x20, 0x70, 0x65, 0x6e, 0x64, 0x69, 0x6e, 0x67, 0x20, 0x3d,
  0x20, 0x27, 0x27, 0x3b, 0x0a, 0x20, 0x20, 0x20, 0x20, 0x72, 0x65, 0x74,
  0x75, 0x72, 0x6e, 0x3b, 0x0a, 0x20, 0x20, 0x7d, 0x0a, 0x20, 0x20, 0x69,
  0x66, 0x20, 0x28, 0x72, 0x65, 0x73, 0x75, 0x6c, 0x74, 0x2e, 0x73, 0x74,
  0x61, 0x74, 0x75, 0x73, 0x20, 0x3c, 0x20, 0x32, 0x30, 0x30, 0x20, 0x7c,
  0x7c, 0x20, 0x72, 0x65, 0x73, 0x75, 0x6c, 0x74, 0x2e, 0x73, 0x74, 0x61,
  0x74, 0x75, 0x73, 0x20, 0x3e, 0x3d, 0x20, 0x33, 0x30, 0x30, 0x29, 0x20,
  0x7b, 0x0a, 0x20, 0x20, 0x20, 0x20, 0x69, 0x66, 0x20, 0x28, 0x70, 0x65,
  0x6e, 0x64, 0x69, 0x6e, 0x67, 0x20, 0x21, 0x3d, 0x3d, 0x20, 0x27, 0x73,
  0x74, 0x72, 0x65, 0x61, 0x6d, 0x27, 0x29, 0x20, 0x73, 0x65, 0x74, 0x53,
  0x74, 0x61, 0x74, 0x75, 0x73, 0x28, 0x27, 0x48, 0x54, 0x54, 0x50, 0x20,
  0x27, 0x20, 0x2b, 0x20, 0x72, 0x65, 0x73, 0x75, 0x6c, 0x74, 0x2e, 0x73,
  0x74, 0x61, 0x74, 0x75, 0x73, 0x29, 0x3b, 0x0a, 0x20, 0x20, 0x20, 0x20,
  0x70, 0x65, 0x6e, 0x64, 0x69, 0x6e, 0x67, 0x20, 0x3d, 0x20, 0x27, 0x27,
  0x3b, 0x0a, 0x20, 0x20, 0x20, 0x20, 0x72, 0x65, 0x74, 0x75, 0x72, 0x6e,
  0x3b, 0x0a, 0x20, 0x20, 0x7d, 0x0a, 0x20, 0x20, 0x74, 0x72, 0x79, 0x20,
  0x7b, 0x0a, 0x20, 0x20, 0x20, 0x20, 0x69, 0x66, 0x20, 0x28, 0x70, 0x65,
  0x6e, 0x64, 0x69, 0x6e, 0x67, 0x20, 0x3d, 0x3d, 0x3d, 0x20, 0x27, 0x73,
  0x74, 0x61, 0x74, 0x65, 0x73, 0x27, 0x20, 0x7c, 0x7c, 0x20, 0x70, 0x65,
  0x6e, 0x64, 0x69, 0x6e, 0x67, 0x20, 0x3d, 0x3d, 0x3d, 0x20, 0x27, 0x73,
  0x74, 0x72, 0x65, 0x61, 0x6d, 0x27, 0x29, 0x20, 0x7b, 0x0a, 0x20, 0x20,
  0x20, 0x20, 0x20, 0x20, 0x63, 0x6f, 0x6e, 0x73, 0x74, 0x20, 0x76, 0x61,
  0x6c, 0x75, 0x65, 0x73, 0x20, 0x3d, 0x20, 0x4a, 0x53, 0x4f, 0x4e, 0x2e,
  0x70, 0x61, 0x72, 0x73, 0x65, 0x28, 0x72, 0x65, 0x73, 0x75, 0x6c, 0x74,
  0x2e, 0x62, 0x6f, 0x64, 0x79, 0x29, 0x3b, 0x0a, 0x20, 0x20, 0x20, 0x20,
  0x20, 0x20, 0x63, 0x6f, 0x6e, 0x73, 0x74, 0x20, 0x6b, 0x65, 0x65, 0x70,
  0x50, 0x61, 0x67, 0x65, 0x20, 0x3d, 0x20, 0x70, 0x65, 0x6e, 0x64, 0x69,
  0x6e, 0x67, 0x20, 0x3d, 0x3d, 0x3d, 0x20, 0x27, 0x73, 0x74, 0x72, 0x65,
  0x61, 0x6d, 0x27, 0x3b, 0x0a, 0x20, 0x20, 0x20, 0x20, 0x20, 0x20, 0x63,
  0x6f, 0x6e, 0x73, 0x74, 0x20, 0x6b, 0x65, 0x65, 0x70, 0x53, 0x65, 0x6c,
  0x20, 0x3d, 0x20, 0x73, 0x65, 0x6c, 0x65, 0x63, 0x74, 0x65, 0x64, 0x3b,
  0x0a, 0x20, 0x20, 0x20, 0x20, 0x20, 0x20, 0x61, 0x70, 0x70, 0x6c, 0x79,
  0x53, 0x6c, 0x6f, 0x74, 0x73, 0x28, 0x41, 0x72, 0x72, 0x61, 0x79, 0x2e,
  0x69, 0x73, 0x41, 0x72, 0x72, 0x61, 0x79, 0x28, 0x76, 0x61, 0x6c, 0x75,
  0x65, 0x73, 0x29, 0x20, 0x3f, 0x20, 0x76, 0x61, 0x6c, 0x75, 0x65, 0x73,
  0x20, 0x3a, 0x20, 0x5b, 0x5d, 0x29, 0x3b, 0x0a, 0x20, 0x20, 0x20, 0x20,
  0x20, 0x20, 0x69, 0x66, 0x20, 0x28, 0x21, 0x6b, 0x65, 0x65, 0x70, 0x50,
  0x61, 0x67, 0x65, 0x29, 0x20, 0x7b, 0x0a, 0x20, 0x20, 0x20, 0x20, 0x20,
  0x20, 0x20, 0x20, 0x70, 0x61, 0x67, 0x65, 0x20, 0x3d, 0x20, 0x30, 0x3b,
  0x0a, 0x20, 0x20, 0x20, 0x20, 0x20, 0x20, 0x20, 0x20, 0x73, 0x65, 0x6c,
  0x65, 0x63, 0x74, 0x65, 0x64, 0x20, 0x3d, 0x20, 0x65, 0x6e, 0x74, 0x69,
  0x74, 0x69, 0x65, 0x73, 0x2e, 0x6c, 0x65, 0x6e, 0x67, 0x74, 0x68, 0x20,
  0x3f, 0x20, 0x30, 0x20, 0x3a, 0x20, 0x2d, 0x31, 0x3b, 0x0a, 0x20, 0x20,
  0x20, 0x20, 0x20, 0x20, 0x7d, 0x20, 0x65, 0x6c, 0x73, 0x65, 0x20, 0x69,
  0x66, 0x20, 0x28, 0x6b, 0x65, 0x65, 0x70, 0x53, 0x65, 0x6c, 0x20, 0x3e,
  0x3d, 0x20, 0x65, 0x6e, 0x74, 0x69, 0x74, 0x69, 0x65, 0x73, 0x2e, 0x6c,
  0x65, 0x6e, 0x67, 0x74, 0x68, 0x29, 0x20, 0x7b, 0x0a, 0x20, 0x20, 0x20,
  0x20, 0x20, 0x20, 0x20, 0x20, 0x73, 0x65, 0x6c, 0x65, 0x63, 0x74, 0x65,
  0x64, 0x20, 0x3d, 0x20, 0x65, 0x6e, 0x74, 0x69, 0x74, 0x69, 0x65, 0x73,
  0x2e, 0x6c, 0x65, 0x6e, 0x67, 0x74, 0x68, 0x20, 0x3f, 0x20, 0x65, 0x6e,
  0x74, 0x69, 0x74, 0x69, 0x65, 0x73, 0x2e, 0x6c, 0x65, 0x6e, 0x67, 0x74,
  0x68, 0x20, 0x2d, 0x20, 0x31, 0x20, 0x3a, 0x20, 0x2d, 0x31, 0x3b, 0x0a,
  0x20, 0x20, 0x20, 0x20, 0x20, 0x20, 0x7d, 0x20, 0x65, 0x6c, 0x73, 0x65,
  0x20, 0x7b, 0x0a, 0x20, 0x20, 0x20, 0x20, 0x20, 0x20, 0x20, 0x20, 0x73,
  0x65, 0x6c, 0x65, 0x63, 0x74, 0x65, 0x64, 0x20, 0x3d, 0x20, 0x6b, 0x65,
  0x65, 0x70, 0x53, 0x65, 0x6c, 0x3b, 0x0a, 0x20, 0x20, 0x20, 0x20, 0x20,
  0x20, 0x7d, 0x0a, 0x20, 0x20, 0x20, 0x20, 0x20, 0x20, 0x72, 0x65, 0x6e,
  0x64, 0x65, 0x72, 0x28, 0x29, 0x3b, 0x0a, 0x20, 0x20, 0x20, 0x20, 0x20,
  0x20, 0x69, 0x66, 0x20, 0x28, 0x70, 0x65, 0x6e, 0x64, 0x69, 0x6e, 0x67,
  0x20, 0x3d, 0x3d, 0x3d, 0x20, 0x27, 0x73, 0x74, 0x61, 0x74, 0x65, 0x73,
  0x27, 0x29, 0x20, 0x7b, 0x0a, 0x20, 0x20, 0x20, 0x20, 0x20, 0x20, 0x20,
  0x20, 0x73, 0x65, 0x74, 0x53, 0x74, 0x61, 0x74, 0x75, 0x73, 0x28, 0x65,
  0x6e, 0x74, 0x69, 0x74, 0x69, 0x65, 0x73, 0x2e, 0x6c, 0x65, 0x6e, 0x67,
  0x74, 0x68, 0x20, 0x3f, 0x20, 0x27, 0xe5, 0xb7, 0xb2, 0xe6, 0xb3, 0xa8,
  0xe5, 0x86, 0x8c, 0x20, 0x27, 0x20, 0x2b, 0x20, 0x65, 0x6e, 0x74, 0x69,
  0x74, 0x69, 0x65, 0x73, 0x2e, 0x6c, 0x65, 0x6e, 0x67, 0x74, 0x68, 0x20,
  0x2b, 0x20, 0x27, 0x20, 0xe4, 0xb8, 0xaa, 0xe5, 0xae, 0x9e, 0xe4, 0xbd,
  0x93, 0x27, 0x20, 0x3a, 0x0a, 0x20, 0x20, 0x20, 0x20, 0x20, 0x20, 0x20,
  0x20, 0x20, 0x20, 0x20, 0x20, 0x20, 0x20, 0x20, 0x20, 0x20, 0x20, 0x27,
  0xe6, 0xb2, 0xa1, 0xe6, 0x9c, 0x89, 0xe8, 0xae, 0xbe, 0xe5, 0xa4, 0x87,
  0x27, 0x29, 0x3b, 0x0a, 0x20, 0x20, 0x20, 0x20, 0x20, 0x20, 0x7d, 0x0a,
  0x20, 0x20, 0x20, 0x20, 0x7d, 0x20, 0x65, 0x6c, 0x73, 0x65, 0x20, 0x69,
  0x66, 0x20, 0x28, 0x70, 0x65, 0x6e, 0x64, 0x69, 0x6e, 0x67, 0x20, 0x3d,
  0x3d, 0x3d, 0x20, 0x27, 0x73, 0x74, 0x61, 0x74, 0x65, 0x27, 0x29, 0x20,
  0x7b, 0x0a, 0x20, 0x20, 0x20, 0x20, 0x20, 0x20, 0x63, 0x6f, 0x6e, 0x73,
  0x74, 0x20, 0x76, 0x61, 0x6c, 0x75, 0x65, 0x20, 0x3d, 0x20, 0x4a, 0x53,
  0x4f, 0x4e, 0x2e, 0x70, 0x61, 0x72, 0x73, 0x65, 0x28, 0x72, 0x65, 0x73,
  0x75, 0x6c, 0x74, 0x2e, 0x62, 0x6f, 0x64, 0x79, 0x29, 0x3b, 0x0a, 0x20,
  0x20, 0x20, 0x20, 0x20, 0x20, 0x69, 0x66, 0x20, 0x28, 0x73, 0x65, 0x6c,
  0x65, 0x63, 0x74, 0x65, 0x64, 0x20, 0x3e, 0x3d, 0x20, 0x30, 0x29, 0x20,
  0x65, 0x6e, 0x74, 0x69, 0x74, 0x69, 0x65, 0x73, 0x5b, 0x73, 0x65, 0x6c,
  0x65, 0x63, 0x74, 0x65, 0x64, 0x5d, 0x20, 0x3d, 0x20, 0x76, 0x61, 0x6c,
  0x75, 0x65, 0x3b, 0x0a, 0x20, 0x20, 0x20, 0x20, 0x20, 0x20, 0x72, 0x65,
  0x6e, 0x64, 0x65, 0x72, 0x28, 0x29, 0x3b, 0x0a, 0x20, 0x20, 0x20, 0x20,
  0x20, 0x20, 0x73, 0x65, 0x74, 0x53, 0x74, 0x61, 0x74, 0x75, 0x73, 0x28,
  0x63, 0x6c, 0x69, 0x70, 0x28, 0x65, 0x6e, 0x74, 0x69, 0x74, 0x79, 0x4e,
  0x61, 0x6d, 0x65, 0x28, 0x76, 0x61, 0x6c, 0x75, 0x65, 0x29, 0x2c, 0x20,
  0x31, 0x32, 0x29, 0x20, 0x2b, 0x20, 0x27, 0x20, 0x20, 0xc2, 0xb7, 0x20,
  0x20, 0x27, 0x20, 0x2b, 0x0a, 0x20, 0x20, 0x20, 0x20, 0x20, 0x20, 0x20,
  0x20, 0x20, 0x20, 0x20, 0x20, 0x20, 0x20, 0x20, 0x20, 0x73, 0x74, 0x61,
  0x74, 0x65, 0x4c, 0x61, 0x62, 0x65, 0x6c, 0x28, 0x76, 0x61, 0x6c, 0x75,
  0x65, 0x2e, 0x73, 0x74, 0x61, 0x74, 0x65, 0x29, 0x29, 0x3b, 0x0a, 0x20,
  0x20, 0x20, 0x20, 0x7d, 0x20, 0x65, 0x6c, 0x73, 0x65, 0x20, 0x7b, 0x0a,
  0x20, 0x20, 0x20, 0x20, 0x20, 0x20, 0x73, 0x65, 0x74, 0x53, 0x74, 0x61,
  0x74, 0x75, 0x73, 0x28, 0x27, 0xe5, 0xb7, 0xb2, 0xe6, 0x89, 0xa7, 0xe8,
  0xa1, 0x8c, 0x27, 0x29, 0x3b, 0x0a, 0x20, 0x20, 0x20, 0x20, 0x20, 0x20,
  0x69, 0x66, 0x20, 0x28, 0x73, 0x65, 0x6c, 0x65, 0x63, 0x74, 0x65, 0x64,
  0x20, 0x3e, 0x3d, 0x20, 0x30, 0x29, 0x20, 0x72, 0x65, 0x71, 0x75, 0x65,
  0x73, 0x74, 0x53, 0x74, 0x61, 0x74, 0x65, 0x28, 0x29, 0x3b, 0x0a, 0x20,
  0x20, 0x20, 0x20, 0x7d, 0x0a, 0x20, 0x20, 0x7d, 0x20, 0x63, 0x61, 0x74,
  0x63, 0x68, 0x20, 0x28, 0x65, 0x29, 0x20, 0x7b, 0x0a, 0x20, 0x20, 0x20,
  0x20, 0x69, 0x66, 0x20, 0x28, 0x70, 0x65, 0x6e, 0x64, 0x69, 0x6e, 0x67,
  0x20, 0x21, 0x3d, 0x3d, 0x20, 0x27, 0x73, 0x74, 0x72, 0x65, 0x61, 0x6d,
  0x27, 0x29, 0x20, 0x73, 0x65, 0x74, 0x53, 0x74, 0x61, 0x74, 0x75, 0x73,
  0x28, 0x27, 0xe5, 0x93, 0x8d, 0xe5, 0xba, 0x94, 0xe8, 0xa7, 0xa3, 0xe6,
  0x9e, 0x90, 0xe5, 0xa4, 0xb1, 0xe8, 0xb4, 0xa5, 0xe6, 0x88, 0x96, 0xe5,
  0xae, 0x9e, 0xe4, 0xbd, 0x93, 0xe8, 0xbf, 0x87, 0xe5, 0xa4, 0x9a, 0x27,
  0x29, 0x3b, 0x0a, 0x20, 0x20, 0x7d, 0x0a, 0x20, 0x20, 0x70, 0x65, 0x6e,
  0x64, 0x69, 0x6e, 0x67, 0x20, 0x3d, 0x20, 0x27, 0x27, 0x3b, 0x0a, 0x7d,
  0x2c, 0x20, 0x32, 0x35, 0x30, 0x29, 0x3b, 0x0a, 0x0a, 0x72, 0x65, 0x6e,
  0x64, 0x65, 0x72, 0x28, 0x29, 0x3b, 0x0a, 0x69, 0x66, 0x20, 0x28, 0x74,
  0x6f, 0x6b, 0x65, 0x6e, 0x29, 0x20, 0x64, 0x69, 0x73, 0x63, 0x6f, 0x76,
  0x65, 0x72, 0x28, 0x29, 0x3b, 0x0a, 0x65, 0x6c, 0x73, 0x65, 0x20, 0x73,
  0x65, 0x74, 0x53, 0x74, 0x61, 0x74, 0x75, 0x73, 0x28, 0x27, 0xe9, 0x85,
  0x8d, 0xe7, 0xbd, 0xae, 0xe5, 0x9c, 0xb0, 0xe5, 0x9d, 0x80, 0xe5, 0x92,
  0x8c, 0xe8, 0xae, 0xbf, 0xe9, 0x97, 0xae, 0xe4, 0xbb, 0xa4, 0xe7, 0x89,
  0x8c, 0x27, 0x29, 0x3b, 0x0a,
};

const char *homeassistant_get_app_js(unsigned int *len)
{
  if (len != NULL)
    {
      *len = sizeof(g_homeassistant_app_js);
    }

  return (const char *)g_homeassistant_app_js;
}
